C6_avg,Path,S_cnn,S_param,Step,Time,V,psi6
5.44667,/home/lizano/Documents/CSA-Loop/SNN/DS/VR/10s/T4,1.0,2.0,30.0,309.9999,4.0,0.96017
4.526669999999998,/home/lizano/Documents/CSA-Loop/SNN/DS/VR/10s/T4,0.0,1.0,35.0,359.9999,2.0,0.63278
4.94,/home/lizano/Documents/CSA-Loop/SNN/DS/VR/10s/T4,0.0,1.0,40.0,409.9999,3.0,0.75837
5.526669999999998,/home/lizano/Documents/CSA-Loop/SNN/DS/VR/10s/T4,1.0,2.0,41.0,419.9999,4.0,0.98848
5.55333,/home/lizano/Documents/CSA-Loop/SNN/DS/VR/10s/T4,1.0,2.0,42.0,429.9999,4.0,0.99106
5.41333,/home/lizano/Documents/CSA-Loop/SNN/DS/VR/10s/T4,1.0,2.0,43.0,439.9999,3.0,0.90505
5.54,/home/lizano/Documents/CSA-Loop/SNN/DS/VR/10s/T4,1.0,2.0,45.0,459.9999,4.0,0.98945
5.41333,/home/lizano/Documents/CSA-Loop/SNN/DS/VR/10s/T4,1.0,2.0,46.0,469.9999,2.0,0.90696
5.56,/home/lizano/Documents/CSA-Loop/SNN/DS/VR/10s/T4,1.0,2.0,47.0,479.9999,4.0,0.99574
5.526669999999998,/home/lizano/Documents/CSA-Loop/SNN/DS/VR/10s/T4,1.0,2.0,50.0,509.9999,4.0,0.98674
5.55333,/home/lizano/Documents/CSA-Loop/SNN/DS/VR/10s/T4,1.0,2.0,51.0,519.9999,4.0,0.99377
5.55333,/home/lizano/Documents/CSA-Loop/SNN/DS/VR/10s/T4,1.0,2.0,53.0,539.9999,4.0,0.99558
5.53333,/home/lizano/Documents/CSA-Loop/SNN/DS/VR/10s/T4,1.0,2.0,56.0,569.9999,4.0,0.98667
5.486669999999998,/home/lizano/Documents/CSA-Loop/SNN/DS/VR/10s/T4,1.0,2.0,57.0,579.9999,3.0,0.91699
4.72,/home/lizano/Documents/CSA-Loop/SNN/DS/VR/10s/T4,0.0,1.0,61.0,619.9999,2.0,0.6796800000000001
4.526669999999998,/home/lizano/Documents/CSA-Loop/SNN/DS/VR/10s/T4,0.0,1.0,62.0,629.9999,2.0,0.64307
4.68,/home/lizano/Documents/CSA-Loop/SNN/DS/VR/10s/T4,0.0,1.0,64.0,649.9999,1.0,0.68889
4.38,/home/lizano/Documents/CSA-Loop/SNN/DS/VR/10s/T4,0.0,1.0,65.0,659.9999,1.0,0.6093
4.24,/home/lizano/Documents/CSA-Loop/SNN/DS/VR/10s/T4,0.0,1.0,66.0,669.9999,1.0,0.58287
4.41333,/home/lizano/Documents/CSA-Loop/SNN/DS/VR/10s/T4,0.0,1.0,67.0,679.9999,3.0,0.5765399999999999
4.15333,/home/lizano/Documents/CSA-Loop/SNN/DS/VR/10s/T4,0.0,1.0,68.0,689.9999,2.0,0.5774100000000001
4.38,/home/lizano/Documents/CSA-Loop/SNN/DS/VR/10s/T4,0.0,1.0,69.0,699.9999,3.0,0.59973
5.473330000000002,/home/lizano/Documents/CSA-Loop/SNN/DS/VR/10s/T4,1.0,2.0,70.0,709.9999,4.0,0.95922
5.52,/home/lizano/Documents/CSA-Loop/SNN/DS/VR/10s/T4,1.0,2.0,72.0,729.9999,4.0,0.9937
5.44,/home/lizano/Documents/CSA-Loop/SNN/DS/VR/10s/T4,1.0,2.0,73.0,739.9999,3.0,0.9279999999999999
5.52,/home/lizano/Documents/CSA-Loop/SNN/DS/VR/10s/T4,1.0,2.0,74.0,749.9999,4.0,0.99013
4.6066699999999985,/home/lizano/Documents/CSA-Loop/SNN/DS/VR/10s/T4,0.0,1.0,79.0,799.9999,2.0,0.6684399999999999
4.8,/home/lizano/Documents/CSA-Loop/SNN/DS/VR/10s/T4,0.0,1.0,80.0,809.9999,3.0,0.68434
4.64,/home/lizano/Documents/CSA-Loop/SNN/DS/VR/10s/T4,0.0,1.0,81.0,819.9999,2.0,0.6623399999999999
4.70667,/home/lizano/Documents/CSA-Loop/SNN/DS/VR/10s/T4,0.0,1.0,82.0,829.9999,3.0,0.64499
4.36667,/home/lizano/Documents/CSA-Loop/SNN/DS/VR/10s/T4,0.0,1.0,83.0,839.9999,1.0,0.5855
4.29333,/home/lizano/Documents/CSA-Loop/SNN/DS/VR/10s/T4,0.0,1.0,84.0,849.9999,2.0,0.53158
5.52,/home/lizano/Documents/CSA-Loop/SNN/DS/VR/10s/T4,1.0,2.0,86.0,869.9999,4.0,0.97771
5.486669999999998,/home/lizano/Documents/CSA-Loop/SNN/DS/VR/10s/T4,1.0,2.0,90.0,909.9999,4.0,0.976
5.54667,/home/lizano/Documents/CSA-Loop/SNN/DS/VR/10s/T4,1.0,2.0,93.0,939.9999,4.0,0.99301
5.0,/home/lizano/Documents/CSA-Loop/SNN/DS/VR/10s/T4,0.0,1.0,96.0,969.9999,2.0,0.77618
4.76667,/home/lizano/Documents/CSA-Loop/SNN/DS/VR/10s/T4,0.0,1.0,97.0,979.9999,2.0,0.72331
5.5,/home/lizano/Documents/CSA-Loop/SNN/DS/VR/10s/T4,1.0,2.0,98.0,989.9999,4.0,0.97741
5.486669999999998,/home/lizano/Documents/CSA-Loop/SNN/DS/VR/10s/T4,1.0,2.0,99.0,999.9999,3.0,0.9257
4.54,/home/lizano/Documents/CSA-Loop/SNN/DS/VR/10s/T3,0.0,1.0,37.0,379.9999,1.0,0.2309
4.48,/home/lizano/Documents/CSA-Loop/SNN/DS/VR/10s/T3,0.0,1.0,52.0,529.9999,1.0,0.39541
4.18667,/home/lizano/Documents/CSA-Loop/SNN/DS/VR/10s/T3,0.0,1.0,53.0,539.9999,1.0,0.43288
4.21333,/home/lizano/Documents/CSA-Loop/SNN/DS/VR/10s/T3,0.0,1.0,54.0,549.9999,2.0,0.45349
4.66,/home/lizano/Documents/CSA-Loop/SNN/DS/VR/10s/T3,0.0,1.0,61.0,619.9999,2.0,0.39135
4.38667,/home/lizano/Documents/CSA-Loop/SNN/DS/VR/10s/T3,0.0,1.0,62.0,629.9999,1.0,0.44045
4.3,/home/lizano/Documents/CSA-Loop/SNN/DS/VR/10s/T3,0.0,1.0,63.0,639.9999,2.0,0.39558
4.20667,/home/lizano/Documents/CSA-Loop/SNN/DS/VR/10s/T3,0.0,1.0,64.0,649.9999,1.0,0.41509
4.09333,/home/lizano/Documents/CSA-Loop/SNN/DS/VR/10s/T3,0.0,1.0,65.0,659.9999,2.0,0.38792
4.473330000000002,/home/lizano/Documents/CSA-Loop/SNN/DS/VR/10s/T3,0.0,1.0,73.0,739.9999,1.0,0.58448
4.75333,/home/lizano/Documents/CSA-Loop/SNN/DS/VR/10s/T3,0.0,1.0,78.0,789.9999,1.0,0.63689
4.74,/home/lizano/Documents/CSA-Loop/SNN/DS/VR/10s/T3,0.0,1.0,79.0,799.9999,3.0,0.6767
4.63333,/home/lizano/Documents/CSA-Loop/SNN/DS/VR/10s/T3,0.0,1.0,80.0,809.9999,2.0,0.63138
5.34667,/home/lizano/Documents/CSA-Loop/SNN/DS/VR/10s/T3,1.0,2.0,81.0,819.9999,4.0,0.91628
5.513330000000002,/home/lizano/Documents/CSA-Loop/SNN/DS/VR/10s/T3,1.0,2.0,85.0,859.9999,4.0,0.97056
5.55333,/home/lizano/Documents/CSA-Loop/SNN/DS/VR/10s/T3,1.0,2.0,86.0,869.9999,4.0,0.99534
5.56,/home/lizano/Documents/CSA-Loop/SNN/DS/VR/10s/T3,1.0,2.0,88.0,889.9999,4.0,0.99656
4.5666699999999985,/home/lizano/Documents/CSA-Loop/SNN/DS/VR/10s/T3,0.0,1.0,93.0,939.9999,2.0,0.62864
4.44667,/home/lizano/Documents/CSA-Loop/SNN/DS/VR/10s/T3,0.0,1.0,95.0,959.9999,1.0,0.58281
4.42,/home/lizano/Documents/CSA-Loop/SNN/DS/VR/10s/T3,0.0,1.0,96.0,969.9999,3.0,0.5724899999999999
4.56,/home/lizano/Documents/CSA-Loop/SNN/DS/VR/10s/T3,0.0,1.0,97.0,979.9999,3.0,0.57957
4.4,/home/lizano/Documents/CSA-Loop/SNN/DS/VR/10s/T3,0.0,1.0,98.0,989.9999,2.0,0.59696
4.46,/home/lizano/Documents/CSA-Loop/SNN/DS/VR/10s/T3,0.0,1.0,99.0,999.9999,3.0,0.6197
4.38,/home/lizano/Documents/CSA-Loop/SNN/DS/VR/10s/T1,0.0,1.0,30.0,309.9999,2.0,0.27072
4.16,/home/lizano/Documents/CSA-Loop/SNN/DS/VR/10s/T1,0.0,1.0,31.0,319.9999,1.0,0.24971
4.026669999999998,/home/lizano/Documents/CSA-Loop/SNN/DS/VR/10s/T1,0.0,1.0,32.0,329.9999,2.0,0.21043
4.04,/home/lizano/Documents/CSA-Loop/SNN/DS/VR/10s/T1,0.0,1.0,34.0,349.9999,2.0,0.19215
4.63333,/home/lizano/Documents/CSA-Loop/SNN/DS/VR/10s/T1,0.0,1.0,51.0,519.9999,3.0,0.17369
4.44,/home/lizano/Documents/CSA-Loop/SNN/DS/VR/10s/T1,0.0,1.0,52.0,529.9999,2.0,0.12928
4.36,/home/lizano/Documents/CSA-Loop/SNN/DS/VR/10s/T1,0.0,1.0,53.0,539.9999,2.0,0.1483
5.2733300000000005,/home/lizano/Documents/CSA-Loop/SNN/DS/VR/10s/T1,2.0,1.0,63.0,639.9999,4.0,0.22011
4.38667,/home/lizano/Documents/CSA-Loop/SNN/DS/VR/10s/T1,0.0,1.0,68.0,689.9999,2.0,0.1963
4.3933300000000015,/home/lizano/Documents/CSA-Loop/SNN/DS/VR/10s/T1,0.0,1.0,69.0,699.9999,3.0,0.18303
4.59333,/home/lizano/Documents/CSA-Loop/SNN/DS/VR/10s/T1,0.0,1.0,86.0,869.9999,1.0,0.14835
4.72667,/home/lizano/Documents/CSA-Loop/SNN/DS/VR/10s/T1,0.0,1.0,88.0,889.9999,3.0,0.17285
4.55333,/home/lizano/Documents/CSA-Loop/SNN/DS/VR/10s/T1,0.0,1.0,89.0,899.9999,2.0,0.13422
4.38667,/home/lizano/Documents/CSA-Loop/SNN/DS/VR/10s/T1,0.0,1.0,94.0,949.9999,1.0,0.14951
4.22,/home/lizano/Documents/CSA-Loop/SNN/DS/VR/10s/T1,0.0,1.0,95.0,959.9999,2.0,0.08449
4.26,/home/lizano/Documents/CSA-Loop/SNN/DS/VR/10s/T2,0.0,1.0,6.0,69.9999,1.0,0.09107
4.08,/home/lizano/Documents/CSA-Loop/SNN/DS/VR/10s/T2,0.0,1.0,7.0,79.9999,2.0,0.07246
5.20667,/home/lizano/Documents/CSA-Loop/SNN/DS/VR/10s/T2,2.0,1.0,33.0,339.9999,4.0,0.2144
5.2733300000000005,/home/lizano/Documents/CSA-Loop/SNN/DS/VR/10s/T2,2.0,1.0,34.0,349.9999,4.0,0.24759
4.46667,/home/lizano/Documents/CSA-Loop/SNN/DS/VR/10s/T2,0.0,1.0,37.0,379.9999,2.0,0.17349
4.15333,/home/lizano/Documents/CSA-Loop/SNN/DS/VR/10s/T2,0.0,1.0,38.0,389.9999,1.0,0.16341
4.08,/home/lizano/Documents/CSA-Loop/SNN/DS/VR/10s/T2,0.0,1.0,39.0,399.9999,2.0,0.20575
5.2733300000000005,/home/lizano/Documents/CSA-Loop/SNN/DS/VR/10s/T2,2.0,1.0,48.0,489.9999,4.0,0.27614
4.3133300000000006,/home/lizano/Documents/CSA-Loop/SNN/DS/VR/10s/T2,0.0,1.0,54.0,549.9999,1.0,0.23324
4.07333,/home/lizano/Documents/CSA-Loop/SNN/DS/VR/10s/T2,0.0,1.0,55.0,559.9999,1.0,0.15339
4.2333300000000005,/home/lizano/Documents/CSA-Loop/SNN/DS/VR/10s/T2,0.0,1.0,56.0,569.9999,3.0,0.17404
4.22667,/home/lizano/Documents/CSA-Loop/SNN/DS/VR/10s/T2,0.0,1.0,58.0,589.9999,3.0,0.2367
5.21333,/home/lizano/Documents/CSA-Loop/SNN/DS/VR/10s/T2,2.0,1.0,60.0,609.9999,4.0,0.32938
5.22,/home/lizano/Documents/CSA-Loop/SNN/DS/VR/10s/T2,2.0,1.0,65.0,659.9999,4.0,0.29961
5.3,/home/lizano/Documents/CSA-Loop/SNN/DS/VR/10s/T2,2.0,1.0,69.0,699.9999,4.0,0.33026
5.24667,/home/lizano/Documents/CSA-Loop/SNN/DS/VR/10s/T2,2.0,1.0,71.0,719.9999,4.0,0.32471
5.25333,/home/lizano/Documents/CSA-Loop/SNN/DS/VR/10s/T2,2.0,1.0,72.0,729.9999,4.0,0.33506
4.40667,/home/lizano/Documents/CSA-Loop/SNN/DS/VR/10s/T2,0.0,1.0,78.0,789.9999,2.0,0.29021
4.49333,/home/lizano/Documents/CSA-Loop/SNN/DS/VR/10s/T2,0.0,1.0,79.0,799.9999,3.0,0.31343000000000004
4.18,/home/lizano/Documents/CSA-Loop/SNN/DS/VR/10s/T2,0.0,1.0,80.0,809.9999,1.0,0.25594
4.15333,/home/lizano/Documents/CSA-Loop/SNN/DS/VR/10s/T2,0.0,1.0,81.0,819.9999,2.0,0.27127
4.08,/home/lizano/Documents/CSA-Loop/SNN/DS/VR/10s/T2,0.0,1.0,82.0,829.9999,1.0,0.25389
4.08,/home/lizano/Documents/CSA-Loop/SNN/DS/VR/10s/T2,0.0,1.0,96.0,969.9999,2.0,0.34823000000000004
4.44667,/home/lizano/Documents/CSA-Loop/SNN/DS/VR/10s/T5,0.0,1.0,14.0,149.9999,2.0,0.2205
4.26667,/home/lizano/Documents/CSA-Loop/SNN/DS/VR/10s/T5,0.0,1.0,16.0,169.9999,1.0,0.21301
5.15333,/home/lizano/Documents/CSA-Loop/SNN/DS/VR/10s/T5,2.0,1.0,18.0,189.9999,4.0,0.2444
5.16667,/home/lizano/Documents/CSA-Loop/SNN/DS/VR/10s/T5,2.0,1.0,20.0,209.9999,4.0,0.24938
4.30667,/home/lizano/Documents/CSA-Loop/SNN/DS/VR/10s/T5,0.0,1.0,24.0,249.9999,1.0,0.13510999999999998
4.28667,/home/lizano/Documents/CSA-Loop/SNN/DS/VR/10s/T5,0.0,1.0,25.0,259.9999,3.0,0.12629
4.22667,/home/lizano/Documents/CSA-Loop/SNN/DS/VR/10s/T5,0.0,1.0,26.0,269.9999,2.0,0.11469
5.20667,/home/lizano/Documents/CSA-Loop/SNN/DS/VR/10s/T5,2.0,1.0,30.0,309.9999,4.0,0.16067
5.19333,/home/lizano/Documents/CSA-Loop/SNN/DS/VR/10s/T5,2.0,1.0,35.0,359.9999,4.0,0.03925
5.29333,/home/lizano/Documents/CSA-Loop/SNN/DS/VR/10s/T5,2.0,1.0,37.0,379.9999,4.0,0.05219
5.22667,/home/lizano/Documents/CSA-Loop/SNN/DS/VR/10s/T5,2.0,1.0,38.0,389.9999,4.0,0.0631
5.26,/home/lizano/Documents/CSA-Loop/SNN/DS/VR/10s/T5,2.0,1.0,40.0,409.9999,4.0,0.07209
4.7,/home/lizano/Documents/CSA-Loop/SNN/DS/VR/10s/T5,0.0,1.0,44.0,449.9999,1.0,0.05028
4.38,/home/lizano/Documents/CSA-Loop/SNN/DS/VR/10s/T5,0.0,1.0,45.0,459.9999,1.0,0.09134
4.26,/home/lizano/Documents/CSA-Loop/SNN/DS/VR/10s/T5,0.0,1.0,46.0,469.9999,1.0,0.11935
5.25333,/home/lizano/Documents/CSA-Loop/SNN/DS/VR/10s/T5,2.0,1.0,47.0,479.9999,4.0,0.07067999999999999
5.26,/home/lizano/Documents/CSA-Loop/SNN/DS/VR/10s/T5,2.0,1.0,49.0,499.9999,4.0,0.07846
4.3533300000000015,/home/lizano/Documents/CSA-Loop/SNN/DS/VR/10s/T5,0.0,1.0,53.0,539.9999,1.0,0.06242
4.4,/home/lizano/Documents/CSA-Loop/SNN/DS/VR/10s/T5,0.0,1.0,54.0,549.9999,3.0,0.02807
5.28667,/home/lizano/Documents/CSA-Loop/SNN/DS/VR/10s/T5,2.0,1.0,56.0,569.9999,4.0,0.09554
5.25333,/home/lizano/Documents/CSA-Loop/SNN/DS/VR/10s/T5,2.0,1.0,58.0,589.9999,4.0,0.08072
5.26,/home/lizano/Documents/CSA-Loop/SNN/DS/VR/10s/T5,2.0,1.0,61.0,619.9999,4.0,0.06832
5.2333300000000005,/home/lizano/Documents/CSA-Loop/SNN/DS/VR/10s/T5,2.0,1.0,64.0,649.9999,4.0,0.03954
5.17333,/home/lizano/Documents/CSA-Loop/SNN/DS/VR/10s/T5,2.0,1.0,67.0,679.9999,4.0,0.04059
4.50667,/home/lizano/Documents/CSA-Loop/SNN/DS/VR/10s/T5,0.0,1.0,78.0,789.9999,2.0,0.01715
4.2,/home/lizano/Documents/CSA-Loop/SNN/DS/VR/10s/T5,0.0,1.0,79.0,799.9999,2.0,0.053370000000000015
4.04,/home/lizano/Documents/CSA-Loop/SNN/DS/VR/10s/T5,0.0,1.0,80.0,809.9999,2.0,0.03932
4.28,/home/lizano/Documents/CSA-Loop/SNN/DS/VR/10s/T5,0.0,1.0,89.0,899.9999,1.0,0.062429999999999986
5.26667,/home/lizano/Documents/CSA-Loop/SNN/DS/VR/10s/T5,2.0,1.0,91.0,919.9999,4.0,0.03318
5.2333300000000005,/home/lizano/Documents/CSA-Loop/SNN/DS/VR/100s/T4,2.0,1.0,5.0,599.9999,4.0,0.23881
5.36,/home/lizano/Documents/CSA-Loop/SNN/DS/VR/100s/T4,1.0,2.0,9.0,999.9999,4.0,0.91193
4.21333,/home/lizano/Documents/CSA-Loop/SNN/DS/VR/100s/T9,0.0,1.0,3.0,399.9999,2.0,0.58353
3.97333,/home/lizano/Documents/CSA-Loop/SNN/DS/VR/100s/T9,1.0,0.0,7.0,799.9999,3.0,0.19823
5.28,/home/lizano/Documents/CSA-Loop/SNN/DS/VR/100s/T6,2.0,1.0,1.0,199.9999,4.0,0.68255
5.486669999999998,/home/lizano/Documents/CSA-Loop/SNN/DS/VR/100s/T6,1.0,2.0,2.0,299.9999,4.0,0.97583
4.29333,/home/lizano/Documents/CSA-Loop/SNN/DS/VR/100s/T6,0.0,1.0,3.0,399.9999,2.0,0.6233
5.52,/home/lizano/Documents/CSA-Loop/SNN/DS/VR/100s/T6,1.0,2.0,4.0,499.9999,4.0,0.99427
4.16667,/home/lizano/Documents/CSA-Loop/SNN/DS/VR/100s/T6,0.0,1.0,5.0,599.9999,2.0,0.52175
5.50667,/home/lizano/Documents/CSA-Loop/SNN/DS/VR/100s/T6,1.0,2.0,6.0,699.9999,4.0,0.99447
4.38667,/home/lizano/Documents/CSA-Loop/SNN/DS/VR/100s/T6,0.0,1.0,7.0,799.9999,2.0,0.6038899999999999
4.16667,/home/lizano/Documents/CSA-Loop/SNN/DS/VR/100s/T3,0.0,1.0,1.0,199.9999,3.0,0.16079000000000002
4.3133300000000006,/home/lizano/Documents/CSA-Loop/SNN/DS/VR/100s/T3,0.0,1.0,3.0,399.9999,3.0,0.49334
5.54667,/home/lizano/Documents/CSA-Loop/SNN/DS/VR/100s/T3,1.0,2.0,6.0,699.9999,4.0,0.99134
5.55333,/home/lizano/Documents/CSA-Loop/SNN/DS/VR/100s/T3,1.0,2.0,7.0,799.9999,4.0,0.9928
4.05333,/home/lizano/Documents/CSA-Loop/SNN/DS/VR/100s/T1,0.0,1.0,3.0,399.9999,3.0,0.30854000000000004
4.33333,/home/lizano/Documents/CSA-Loop/SNN/DS/VR/100s/T1,0.0,1.0,7.0,799.9999,3.0,0.40181
5.54,/home/lizano/Documents/CSA-Loop/SNN/DS/VR/100s/T2,1.0,2.0,0.0,99.9999,4.0,0.99555
4.4333300000000015,/home/lizano/Documents/CSA-Loop/SNN/DS/VR/100s/T2,0.0,1.0,1.0,199.9999,2.0,0.63337
5.54,/home/lizano/Documents/CSA-Loop/SNN/DS/VR/100s/T2,1.0,2.0,3.0,399.9999,4.0,0.99411
4.3533300000000015,/home/lizano/Documents/CSA-Loop/SNN/DS/VR/100s/T2,0.0,1.0,4.0,499.9999,2.0,0.5865
5.54,/home/lizano/Documents/CSA-Loop/SNN/DS/VR/100s/T2,1.0,2.0,5.0,599.9999,4.0,0.99152
4.56,/home/lizano/Documents/CSA-Loop/SNN/DS/VR/100s/T2,0.0,1.0,6.0,699.9999,2.0,0.63554
4.92667,/home/lizano/Documents/CSA-Loop/SNN/DS/VR/100s/T2,0.0,1.0,7.0,799.9999,3.0,0.68576
5.54,/home/lizano/Documents/CSA-Loop/SNN/DS/VR/100s/T8,1.0,2.0,0.0,99.9999,4.0,0.99555
4.4333300000000015,/home/lizano/Documents/CSA-Loop/SNN/DS/VR/100s/T8,0.0,1.0,1.0,199.9999,2.0,0.63337
5.53333,/home/lizano/Documents/CSA-Loop/SNN/DS/VR/100s/T8,1.0,2.0,4.0,499.9999,4.0,0.99009
5.3133300000000006,/home/lizano/Documents/CSA-Loop/SNN/DS/VR/100s/T8,2.0,1.0,8.0,899.9999,4.0,0.77369
4.30667,/home/lizano/Documents/CSA-Loop/SNN/DS/VR/100s/T8,0.0,1.0,9.0,999.9999,2.0,0.45695
5.28,/home/lizano/Documents/CSA-Loop/SNN/DS/VR/100s/T5,2.0,1.0,1.0,199.9999,4.0,0.68255
5.50667,/home/lizano/Documents/CSA-Loop/SNN/DS/VR/100s/T5,1.0,2.0,6.0,699.9999,4.0,0.9940000000000001
5.42667,/home/lizano/Documents/CSA-Loop/SNN/DS/V4/5s/T1,1.0,2.0,15.0,79.9999,4.0,0.92582
5.5,/home/lizano/Documents/CSA-Loop/SNN/DS/V4/10s/T10,1.0,2.0,18.0,189.9999,4.0,0.96976
5.53333,/home/lizano/Documents/CSA-Loop/SNN/DS/V4/10s/T10,1.0,2.0,19.0,199.9999,4.0,0.99633
5.53333,/home/lizano/Documents/CSA-Loop/SNN/DS/V4/10s/T10,1.0,2.0,21.0,219.9999,4.0,0.99437
5.53333,/home/lizano/Documents/CSA-Loop/SNN/DS/V4/10s/T10,1.0,2.0,29.0,299.9999,4.0,0.99561
5.53333,/home/lizano/Documents/CSA-Loop/SNN/DS/V4/10s/T10,1.0,2.0,30.0,309.9999,4.0,0.99436
5.53333,/home/lizano/Documents/CSA-Loop/SNN/DS/V4/10s/T10,1.0,2.0,35.0,359.9999,4.0,0.99473
5.53333,/home/lizano/Documents/CSA-Loop/SNN/DS/V4/10s/T10,1.0,2.0,55.0,559.9999,4.0,0.99464
5.53333,/home/lizano/Documents/CSA-Loop/SNN/DS/V4/10s/T10,1.0,2.0,57.0,579.9999,4.0,0.99579
5.53333,/home/lizano/Documents/CSA-Loop/SNN/DS/V4/10s/T10,1.0,2.0,67.0,679.9999,4.0,0.99556
5.53333,/home/lizano/Documents/CSA-Loop/SNN/DS/V4/10s/T10,1.0,2.0,70.0,709.9999,4.0,0.9964
5.53333,/home/lizano/Documents/CSA-Loop/SNN/DS/V4/10s/T10,1.0,2.0,76.0,769.9999,4.0,0.99479
5.53333,/home/lizano/Documents/CSA-Loop/SNN/DS/V4/10s/T10,1.0,2.0,78.0,789.9999,4.0,0.99486
5.53333,/home/lizano/Documents/CSA-Loop/SNN/DS/V4/10s/T10,1.0,2.0,80.0,809.9999,4.0,0.99599
5.53333,/home/lizano/Documents/CSA-Loop/SNN/DS/V4/10s/T10,1.0,2.0,81.0,819.9999,4.0,0.99434
5.53333,/home/lizano/Documents/CSA-Loop/SNN/DS/V4/10s/T10,1.0,2.0,82.0,829.9999,4.0,0.99237
5.53333,/home/lizano/Documents/CSA-Loop/SNN/DS/V4/10s/T10,1.0,2.0,83.0,839.9999,4.0,0.99629
5.53333,/home/lizano/Documents/CSA-Loop/SNN/DS/V4/10s/T10,1.0,2.0,86.0,869.9999,4.0,0.99382
5.53333,/home/lizano/Documents/CSA-Loop/SNN/DS/V4/10s/T10,1.0,2.0,95.0,959.9999,4.0,0.99172
5.53333,/home/lizano/Documents/CSA-Loop/SNN/DS/V4/10s/T10,1.0,2.0,96.0,969.9999,4.0,0.99541
5.526669999999998,/home/lizano/Documents/CSA-Loop/SNN/DS/V4/10s/T10,1.0,2.0,97.0,979.9999,4.0,0.99319
5.52,/home/lizano/Documents/CSA-Loop/SNN/DS/V4/10s/T10,1.0,2.0,98.0,989.9999,4.0,0.98789
5.54,/home/lizano/Documents/CSA-Loop/SNN/DS/V4/10s/T10,1.0,2.0,99.0,999.9999,4.0,0.99492
5.473330000000002,/home/lizano/Documents/CSA-Loop/SNN/DS/V4/10s/T4,1.0,2.0,20.0,209.9999,4.0,0.93982
5.486669999999998,/home/lizano/Documents/CSA-Loop/SNN/DS/V4/10s/T4,1.0,2.0,21.0,219.9999,4.0,0.95521
5.48,/home/lizano/Documents/CSA-Loop/SNN/DS/V4/10s/T4,1.0,2.0,22.0,229.9999,4.0,0.96915
5.55333,/home/lizano/Documents/CSA-Loop/SNN/DS/V4/10s/T4,1.0,2.0,23.0,239.9999,4.0,0.99111
5.57333,/home/lizano/Documents/CSA-Loop/SNN/DS/V4/10s/T4,1.0,2.0,24.0,249.9999,4.0,0.99292
5.57333,/home/lizano/Documents/CSA-Loop/SNN/DS/V4/10s/T4,1.0,2.0,25.0,259.9999,4.0,0.99313
5.57333,/home/lizano/Documents/CSA-Loop/SNN/DS/V4/10s/T4,1.0,2.0,26.0,269.9999,4.0,0.99535
5.57333,/home/lizano/Documents/CSA-Loop/SNN/DS/V4/10s/T4,1.0,2.0,27.0,279.9999,4.0,0.99674
5.57333,/home/lizano/Documents/CSA-Loop/SNN/DS/V4/10s/T4,1.0,2.0,28.0,289.9999,4.0,0.99606
5.57333,/home/lizano/Documents/CSA-Loop/SNN/DS/V4/10s/T4,1.0,2.0,29.0,299.9999,4.0,0.99492
5.57333,/home/lizano/Documents/CSA-Loop/SNN/DS/V4/10s/T4,1.0,2.0,30.0,309.9999,4.0,0.99433
5.57333,/home/lizano/Documents/CSA-Loop/SNN/DS/V4/10s/T4,1.0,2.0,31.0,319.9999,4.0,0.99657
5.57333,/home/lizano/Documents/CSA-Loop/SNN/DS/V4/10s/T4,1.0,2.0,32.0,329.9999,4.0,0.99582
5.57333,/home/lizano/Documents/CSA-Loop/SNN/DS/V4/10s/T4,1.0,2.0,33.0,339.9999,4.0,0.99188
5.57333,/home/lizano/Documents/CSA-Loop/SNN/DS/V4/10s/T4,1.0,2.0,34.0,349.9999,4.0,0.99635
5.57333,/home/lizano/Documents/CSA-Loop/SNN/DS/V4/10s/T4,1.0,2.0,35.0,359.9999,4.0,0.9949
5.57333,/home/lizano/Documents/CSA-Loop/SNN/DS/V4/10s/T4,1.0,2.0,36.0,369.9999,4.0,0.99535
5.57333,/home/lizano/Documents/CSA-Loop/SNN/DS/V4/10s/T4,1.0,2.0,37.0,379.9999,4.0,0.99488
5.57333,/home/lizano/Documents/CSA-Loop/SNN/DS/V4/10s/T4,1.0,2.0,38.0,389.9999,4.0,0.99626
5.57333,/home/lizano/Documents/CSA-Loop/SNN/DS/V4/10s/T4,1.0,2.0,39.0,399.9999,4.0,0.99487
5.57333,/home/lizano/Documents/CSA-Loop/SNN/DS/V4/10s/T4,1.0,2.0,41.0,419.9999,4.0,0.99612
5.57333,/home/lizano/Documents/CSA-Loop/SNN/DS/V4/10s/T4,1.0,2.0,42.0,429.9999,4.0,0.99458
5.57333,/home/lizano/Documents/CSA-Loop/SNN/DS/V4/10s/T4,1.0,2.0,43.0,439.9999,4.0,0.99685
5.57333,/home/lizano/Documents/CSA-Loop/SNN/DS/V4/10s/T4,1.0,2.0,44.0,449.9999,4.0,0.99444
5.57333,/home/lizano/Documents/CSA-Loop/SNN/DS/V4/10s/T4,1.0,2.0,45.0,459.9999,4.0,0.99518
5.57333,/home/lizano/Documents/CSA-Loop/SNN/DS/V4/10s/T4,1.0,2.0,46.0,469.9999,4.0,0.99609
5.57333,/home/lizano/Documents/CSA-Loop/SNN/DS/V4/10s/T4,1.0,2.0,47.0,479.9999,4.0,0.99506
5.57333,/home/lizano/Documents/CSA-Loop/SNN/DS/V4/10s/T4,1.0,2.0,48.0,489.9999,4.0,0.99502
5.57333,/home/lizano/Documents/CSA-Loop/SNN/DS/V4/10s/T4,1.0,2.0,49.0,499.9999,4.0,0.99437
5.57333,/home/lizano/Documents/CSA-Loop/SNN/DS/V4/10s/T4,1.0,2.0,50.0,509.9999,4.0,0.99467
5.57333,/home/lizano/Documents/CSA-Loop/SNN/DS/V4/10s/T4,1.0,2.0,51.0,519.9999,4.0,0.99618
5.57333,/home/lizano/Documents/CSA-Loop/SNN/DS/V4/10s/T4,1.0,2.0,52.0,529.9999,4.0,0.99636
5.57333,/home/lizano/Documents/CSA-Loop/SNN/DS/V4/10s/T4,1.0,2.0,53.0,539.9999,4.0,0.99593
5.57333,/home/lizano/Documents/CSA-Loop/SNN/DS/V4/10s/T4,1.0,2.0,54.0,549.9999,4.0,0.99597
5.57333,/home/lizano/Documents/CSA-Loop/SNN/DS/V4/10s/T4,1.0,2.0,55.0,559.9999,4.0,0.99634
5.57333,/home/lizano/Documents/CSA-Loop/SNN/DS/V4/10s/T4,1.0,2.0,56.0,569.9999,4.0,0.99572
5.57333,/home/lizano/Documents/CSA-Loop/SNN/DS/V4/10s/T4,1.0,2.0,57.0,579.9999,4.0,0.99511
5.57333,/home/lizano/Documents/CSA-Loop/SNN/DS/V4/10s/T4,1.0,2.0,58.0,589.9999,4.0,0.99633
5.57333,/home/lizano/Documents/CSA-Loop/SNN/DS/V4/10s/T4,1.0,2.0,59.0,599.9999,4.0,0.99683
5.57333,/home/lizano/Documents/CSA-Loop/SNN/DS/V4/10s/T4,1.0,2.0,60.0,609.9999,4.0,0.9956
5.57333,/home/lizano/Documents/CSA-Loop/SNN/DS/V4/10s/T4,1.0,2.0,61.0,619.9999,4.0,0.99583
5.57333,/home/lizano/Documents/CSA-Loop/SNN/DS/V4/10s/T4,1.0,2.0,62.0,629.9999,4.0,0.99479
5.57333,/home/lizano/Documents/CSA-Loop/SNN/DS/V4/10s/T4,1.0,2.0,63.0,639.9999,4.0,0.99661
5.57333,/home/lizano/Documents/CSA-Loop/SNN/DS/V4/10s/T4,1.0,2.0,64.0,649.9999,4.0,0.99445
5.57333,/home/lizano/Documents/CSA-Loop/SNN/DS/V4/10s/T4,1.0,2.0,65.0,659.9999,4.0,0.9958
5.57333,/home/lizano/Documents/CSA-Loop/SNN/DS/V4/10s/T4,1.0,2.0,66.0,669.9999,4.0,0.99597
5.57333,/home/lizano/Documents/CSA-Loop/SNN/DS/V4/10s/T4,1.0,2.0,67.0,679.9999,4.0,0.99537
5.57333,/home/lizano/Documents/CSA-Loop/SNN/DS/V4/10s/T4,1.0,2.0,68.0,689.9999,4.0,0.99402
5.57333,/home/lizano/Documents/CSA-Loop/SNN/DS/V4/10s/T4,1.0,2.0,69.0,699.9999,4.0,0.99535
5.57333,/home/lizano/Documents/CSA-Loop/SNN/DS/V4/10s/T4,1.0,2.0,70.0,709.9999,4.0,0.99671
5.57333,/home/lizano/Documents/CSA-Loop/SNN/DS/V4/10s/T4,1.0,2.0,71.0,719.9999,4.0,0.99599
5.57333,/home/lizano/Documents/CSA-Loop/SNN/DS/V4/10s/T4,1.0,2.0,72.0,729.9999,4.0,0.99637
5.57333,/home/lizano/Documents/CSA-Loop/SNN/DS/V4/10s/T4,1.0,2.0,73.0,739.9999,4.0,0.99599
5.57333,/home/lizano/Documents/CSA-Loop/SNN/DS/V4/10s/T4,1.0,2.0,74.0,749.9999,4.0,0.99317
5.57333,/home/lizano/Documents/CSA-Loop/SNN/DS/V4/10s/T4,1.0,2.0,75.0,759.9999,4.0,0.99535
5.57333,/home/lizano/Documents/CSA-Loop/SNN/DS/V4/10s/T4,1.0,2.0,76.0,769.9999,4.0,0.99649
5.57333,/home/lizano/Documents/CSA-Loop/SNN/DS/V4/10s/T4,1.0,2.0,77.0,779.9999,4.0,0.99625
5.57333,/home/lizano/Documents/CSA-Loop/SNN/DS/V4/10s/T4,1.0,2.0,78.0,789.9999,4.0,0.9951
5.57333,/home/lizano/Documents/CSA-Loop/SNN/DS/V4/10s/T4,1.0,2.0,79.0,799.9999,4.0,0.99379
5.57333,/home/lizano/Documents/CSA-Loop/SNN/DS/V4/10s/T4,1.0,2.0,80.0,809.9999,4.0,0.99552
5.57333,/home/lizano/Documents/CSA-Loop/SNN/DS/V4/10s/T4,1.0,2.0,81.0,819.9999,4.0,0.99646
5.57333,/home/lizano/Documents/CSA-Loop/SNN/DS/V4/10s/T4,1.0,2.0,82.0,829.9999,4.0,0.99517
5.57333,/home/lizano/Documents/CSA-Loop/SNN/DS/V4/10s/T4,1.0,2.0,83.0,839.9999,4.0,0.99579
5.57333,/home/lizano/Documents/CSA-Loop/SNN/DS/V4/10s/T4,1.0,2.0,84.0,849.9999,4.0,0.99621
5.57333,/home/lizano/Documents/CSA-Loop/SNN/DS/V4/10s/T4,1.0,2.0,85.0,859.9999,4.0,0.99536
5.57333,/home/lizano/Documents/CSA-Loop/SNN/DS/V4/10s/T4,1.0,2.0,86.0,869.9999,4.0,0.99594
5.57333,/home/lizano/Documents/CSA-Loop/SNN/DS/V4/10s/T4,1.0,2.0,87.0,879.9999,4.0,0.99425
5.57333,/home/lizano/Documents/CSA-Loop/SNN/DS/V4/10s/T4,1.0,2.0,88.0,889.9999,4.0,0.997
5.57333,/home/lizano/Documents/CSA-Loop/SNN/DS/V4/10s/T4,1.0,2.0,89.0,899.9999,4.0,0.99575
5.57333,/home/lizano/Documents/CSA-Loop/SNN/DS/V4/10s/T4,1.0,2.0,90.0,909.9999,4.0,0.99465
5.57333,/home/lizano/Documents/CSA-Loop/SNN/DS/V4/10s/T4,1.0,2.0,91.0,919.9999,4.0,0.99354
5.57333,/home/lizano/Documents/CSA-Loop/SNN/DS/V4/10s/T4,1.0,2.0,92.0,929.9999,4.0,0.99643
5.57333,/home/lizano/Documents/CSA-Loop/SNN/DS/V4/10s/T4,1.0,2.0,93.0,939.9999,4.0,0.99528
5.57333,/home/lizano/Documents/CSA-Loop/SNN/DS/V4/10s/T4,1.0,2.0,94.0,949.9999,4.0,0.99568
5.57333,/home/lizano/Documents/CSA-Loop/SNN/DS/V4/10s/T4,1.0,2.0,95.0,959.9999,4.0,0.99589
5.57333,/home/lizano/Documents/CSA-Loop/SNN/DS/V4/10s/T4,1.0,2.0,96.0,969.9999,4.0,0.99626
5.57333,/home/lizano/Documents/CSA-Loop/SNN/DS/V4/10s/T4,1.0,2.0,97.0,979.9999,4.0,0.99415
5.57333,/home/lizano/Documents/CSA-Loop/SNN/DS/V4/10s/T4,1.0,2.0,98.0,989.9999,4.0,0.99563
5.57333,/home/lizano/Documents/CSA-Loop/SNN/DS/V4/10s/T4,1.0,2.0,99.0,999.9999,4.0,0.99559
5.46667,/home/lizano/Documents/CSA-Loop/SNN/DS/V4/10s/T9,2.0,1.0,11.0,119.9999,4.0,0.82395
5.42,/home/lizano/Documents/CSA-Loop/SNN/DS/V4/10s/T9,2.0,1.0,12.0,129.9999,4.0,0.83545
5.42667,/home/lizano/Documents/CSA-Loop/SNN/DS/V4/10s/T9,2.0,1.0,13.0,139.9999,4.0,0.85049
5.44667,/home/lizano/Documents/CSA-Loop/SNN/DS/V4/10s/T9,1.0,2.0,15.0,159.9999,4.0,0.92758
5.55333,/home/lizano/Documents/CSA-Loop/SNN/DS/V4/10s/T9,1.0,2.0,20.0,209.9999,4.0,0.99505
5.56,/home/lizano/Documents/CSA-Loop/SNN/DS/V4/10s/T9,1.0,2.0,34.0,349.9999,4.0,0.99407
5.56,/home/lizano/Documents/CSA-Loop/SNN/DS/V4/10s/T9,1.0,2.0,45.0,459.9999,4.0,0.99628
5.56,/home/lizano/Documents/CSA-Loop/SNN/DS/V4/10s/T9,1.0,2.0,47.0,479.9999,4.0,0.99467
5.56,/home/lizano/Documents/CSA-Loop/SNN/DS/V4/10s/T9,1.0,2.0,48.0,489.9999,4.0,0.99676
5.56,/home/lizano/Documents/CSA-Loop/SNN/DS/V4/10s/T9,1.0,2.0,49.0,499.9999,4.0,0.99517
5.56,/home/lizano/Documents/CSA-Loop/SNN/DS/V4/10s/T9,1.0,2.0,50.0,509.9999,4.0,0.99517
5.56,/home/lizano/Documents/CSA-Loop/SNN/DS/V4/10s/T9,1.0,2.0,51.0,519.9999,4.0,0.99465
5.56,/home/lizano/Documents/CSA-Loop/SNN/DS/V4/10s/T9,1.0,2.0,53.0,539.9999,4.0,0.99321
5.56,/home/lizano/Documents/CSA-Loop/SNN/DS/V4/10s/T9,1.0,2.0,54.0,549.9999,4.0,0.99509
5.56,/home/lizano/Documents/CSA-Loop/SNN/DS/V4/10s/T9,1.0,2.0,55.0,559.9999,4.0,0.99475
5.56,/home/lizano/Documents/CSA-Loop/SNN/DS/V4/10s/T9,1.0,2.0,56.0,569.9999,4.0,0.99463
5.56,/home/lizano/Documents/CSA-Loop/SNN/DS/V4/10s/T9,1.0,2.0,57.0,579.9999,4.0,0.99525
5.56,/home/lizano/Documents/CSA-Loop/SNN/DS/V4/10s/T9,1.0,2.0,58.0,589.9999,4.0,0.99462
5.56,/home/lizano/Documents/CSA-Loop/SNN/DS/V4/10s/T9,1.0,2.0,61.0,619.9999,4.0,0.99351
5.56,/home/lizano/Documents/CSA-Loop/SNN/DS/V4/10s/T9,1.0,2.0,62.0,629.9999,4.0,0.99332
5.56,/home/lizano/Documents/CSA-Loop/SNN/DS/V4/10s/T9,1.0,2.0,63.0,639.9999,4.0,0.99718
5.56,/home/lizano/Documents/CSA-Loop/SNN/DS/V4/10s/T9,1.0,2.0,65.0,659.9999,4.0,0.99499
5.56,/home/lizano/Documents/CSA-Loop/SNN/DS/V4/10s/T9,1.0,2.0,71.0,719.9999,4.0,0.99496
5.56,/home/lizano/Documents/CSA-Loop/SNN/DS/V4/10s/T9,1.0,2.0,72.0,729.9999,4.0,0.9958
5.56,/home/lizano/Documents/CSA-Loop/SNN/DS/V4/10s/T9,1.0,2.0,73.0,739.9999,4.0,0.99516
5.56,/home/lizano/Documents/CSA-Loop/SNN/DS/V4/10s/T9,1.0,2.0,74.0,749.9999,4.0,0.99418
5.56,/home/lizano/Documents/CSA-Loop/SNN/DS/V4/10s/T9,1.0,2.0,75.0,759.9999,4.0,0.9937
5.56,/home/lizano/Documents/CSA-Loop/SNN/DS/V4/10s/T9,1.0,2.0,89.0,899.9999,4.0,0.99441
5.56,/home/lizano/Documents/CSA-Loop/SNN/DS/V4/10s/T9,1.0,2.0,91.0,919.9999,4.0,0.99461
5.56,/home/lizano/Documents/CSA-Loop/SNN/DS/V4/10s/T9,1.0,2.0,92.0,929.9999,4.0,0.99424
5.56,/home/lizano/Documents/CSA-Loop/SNN/DS/V4/10s/T9,1.0,2.0,93.0,939.9999,4.0,0.99409
5.56,/home/lizano/Documents/CSA-Loop/SNN/DS/V4/10s/T9,1.0,2.0,94.0,949.9999,4.0,0.99579
5.56,/home/lizano/Documents/CSA-Loop/SNN/DS/V4/10s/T9,1.0,2.0,95.0,959.9999,4.0,0.99409
5.56,/home/lizano/Documents/CSA-Loop/SNN/DS/V4/10s/T9,1.0,2.0,96.0,969.9999,4.0,0.99486
5.29333,/home/lizano/Documents/CSA-Loop/SNN/DS/V4/10s/T6,2.0,1.0,10.0,109.9999,4.0,0.7289
5.34667,/home/lizano/Documents/CSA-Loop/SNN/DS/V4/10s/T6,2.0,1.0,11.0,119.9999,4.0,0.80009
5.36667,/home/lizano/Documents/CSA-Loop/SNN/DS/V4/10s/T6,2.0,1.0,12.0,129.9999,4.0,0.83854
5.3933300000000015,/home/lizano/Documents/CSA-Loop/SNN/DS/V4/10s/T6,2.0,1.0,13.0,139.9999,4.0,0.8406399999999999
5.1066699999999985,/home/lizano/Documents/CSA-Loop/SNN/DS/V4/10s/T3,2.0,1.0,12.0,129.9999,4.0,0.32028
5.07333,/home/lizano/Documents/CSA-Loop/SNN/DS/V4/10s/T3,2.0,1.0,13.0,139.9999,4.0,0.30909000000000003
5.13333,/home/lizano/Documents/CSA-Loop/SNN/DS/V4/10s/T3,2.0,1.0,14.0,149.9999,4.0,0.30938000000000004
5.13333,/home/lizano/Documents/CSA-Loop/SNN/DS/V4/10s/T3,2.0,1.0,16.0,169.9999,4.0,0.34338
5.11333,/home/lizano/Documents/CSA-Loop/SNN/DS/V4/10s/T3,2.0,1.0,17.0,179.9999,4.0,0.32601
5.12667,/home/lizano/Documents/CSA-Loop/SNN/DS/V4/10s/T3,2.0,1.0,19.0,199.9999,4.0,0.33296
5.14,/home/lizano/Documents/CSA-Loop/SNN/DS/V4/10s/T3,2.0,1.0,21.0,219.9999,4.0,0.3331
5.2,/home/lizano/Documents/CSA-Loop/SNN/DS/V4/10s/T3,2.0,1.0,23.0,239.9999,4.0,0.32386
5.21333,/home/lizano/Documents/CSA-Loop/SNN/DS/V4/10s/T3,2.0,1.0,24.0,249.9999,4.0,0.31757
5.22,/home/lizano/Documents/CSA-Loop/SNN/DS/V4/10s/T3,2.0,1.0,25.0,259.9999,4.0,0.3291
5.22,/home/lizano/Documents/CSA-Loop/SNN/DS/V4/10s/T3,2.0,1.0,26.0,269.9999,4.0,0.31304
5.21333,/home/lizano/Documents/CSA-Loop/SNN/DS/V4/10s/T3,2.0,1.0,27.0,279.9999,4.0,0.32187
5.21333,/home/lizano/Documents/CSA-Loop/SNN/DS/V4/10s/T3,2.0,1.0,28.0,289.9999,4.0,0.3132
5.22667,/home/lizano/Documents/CSA-Loop/SNN/DS/V4/10s/T3,2.0,1.0,29.0,299.9999,4.0,0.30837
5.18,/home/lizano/Documents/CSA-Loop/SNN/DS/V4/10s/T3,2.0,1.0,30.0,309.9999,4.0,0.28633000000000003
5.16667,/home/lizano/Documents/CSA-Loop/SNN/DS/V4/10s/T3,2.0,1.0,31.0,319.9999,4.0,0.28562
5.1466699999999985,/home/lizano/Documents/CSA-Loop/SNN/DS/V4/10s/T3,2.0,1.0,32.0,329.9999,4.0,0.26157
5.1066699999999985,/home/lizano/Documents/CSA-Loop/SNN/DS/V4/10s/T3,2.0,1.0,33.0,339.9999,4.0,0.25919000000000003
5.11333,/home/lizano/Documents/CSA-Loop/SNN/DS/V4/10s/T3,2.0,1.0,34.0,349.9999,4.0,0.25135
5.17333,/home/lizano/Documents/CSA-Loop/SNN/DS/V4/10s/T3,2.0,1.0,35.0,359.9999,4.0,0.25489
5.18667,/home/lizano/Documents/CSA-Loop/SNN/DS/V4/10s/T3,2.0,1.0,36.0,369.9999,4.0,0.25779
5.11333,/home/lizano/Documents/CSA-Loop/SNN/DS/V4/10s/T3,2.0,1.0,37.0,379.9999,4.0,0.24423000000000006
5.13333,/home/lizano/Documents/CSA-Loop/SNN/DS/V4/10s/T3,2.0,1.0,38.0,389.9999,4.0,0.23668000000000006
5.13333,/home/lizano/Documents/CSA-Loop/SNN/DS/V4/10s/T3,2.0,1.0,39.0,399.9999,4.0,0.2356
5.11333,/home/lizano/Documents/CSA-Loop/SNN/DS/V4/10s/T3,2.0,1.0,40.0,409.9999,4.0,0.24324
5.15333,/home/lizano/Documents/CSA-Loop/SNN/DS/V4/10s/T3,2.0,1.0,41.0,419.9999,4.0,0.25552
5.16,/home/lizano/Documents/CSA-Loop/SNN/DS/V4/10s/T3,2.0,1.0,42.0,429.9999,4.0,0.26745
5.14,/home/lizano/Documents/CSA-Loop/SNN/DS/V4/10s/T3,2.0,1.0,43.0,439.9999,4.0,0.25973
5.11333,/home/lizano/Documents/CSA-Loop/SNN/DS/V4/10s/T3,2.0,1.0,44.0,449.9999,4.0,0.25302
5.13333,/home/lizano/Documents/CSA-Loop/SNN/DS/V4/10s/T3,2.0,1.0,45.0,459.9999,4.0,0.25563
5.15333,/home/lizano/Documents/CSA-Loop/SNN/DS/V4/10s/T3,2.0,1.0,46.0,469.9999,4.0,0.25279
5.16667,/home/lizano/Documents/CSA-Loop/SNN/DS/V4/10s/T3,2.0,1.0,47.0,479.9999,4.0,0.26714
5.1466699999999985,/home/lizano/Documents/CSA-Loop/SNN/DS/V4/10s/T3,2.0,1.0,48.0,489.9999,4.0,0.25251
5.21333,/home/lizano/Documents/CSA-Loop/SNN/DS/V4/10s/T3,2.0,1.0,49.0,499.9999,4.0,0.2789
5.16667,/home/lizano/Documents/CSA-Loop/SNN/DS/V4/10s/T3,2.0,1.0,50.0,509.9999,4.0,0.27474
5.17333,/home/lizano/Documents/CSA-Loop/SNN/DS/V4/10s/T3,2.0,1.0,51.0,519.9999,4.0,0.27194
5.16667,/home/lizano/Documents/CSA-Loop/SNN/DS/V4/10s/T3,2.0,1.0,52.0,529.9999,4.0,0.25866
5.18,/home/lizano/Documents/CSA-Loop/SNN/DS/V4/10s/T3,2.0,1.0,53.0,539.9999,4.0,0.24591
5.19333,/home/lizano/Documents/CSA-Loop/SNN/DS/V4/10s/T3,2.0,1.0,54.0,549.9999,4.0,0.25674
5.17333,/home/lizano/Documents/CSA-Loop/SNN/DS/V4/10s/T3,2.0,1.0,55.0,559.9999,4.0,0.2677
5.16,/home/lizano/Documents/CSA-Loop/SNN/DS/V4/10s/T3,2.0,1.0,56.0,569.9999,4.0,0.25943
5.1466699999999985,/home/lizano/Documents/CSA-Loop/SNN/DS/V4/10s/T3,2.0,1.0,57.0,579.9999,4.0,0.2601
5.13333,/home/lizano/Documents/CSA-Loop/SNN/DS/V4/10s/T3,2.0,1.0,58.0,589.9999,4.0,0.26083
5.16667,/home/lizano/Documents/CSA-Loop/SNN/DS/V4/10s/T3,2.0,1.0,59.0,599.9999,4.0,0.25317
5.16667,/home/lizano/Documents/CSA-Loop/SNN/DS/V4/10s/T3,2.0,1.0,61.0,619.9999,4.0,0.25468
5.17333,/home/lizano/Documents/CSA-Loop/SNN/DS/V4/10s/T3,2.0,1.0,62.0,629.9999,4.0,0.26623
5.2,/home/lizano/Documents/CSA-Loop/SNN/DS/V4/10s/T3,2.0,1.0,63.0,639.9999,4.0,0.28222
5.22667,/home/lizano/Documents/CSA-Loop/SNN/DS/V4/10s/T3,2.0,1.0,64.0,649.9999,4.0,0.28775
5.20667,/home/lizano/Documents/CSA-Loop/SNN/DS/V4/10s/T3,2.0,1.0,65.0,659.9999,4.0,0.28937
5.1466699999999985,/home/lizano/Documents/CSA-Loop/SNN/DS/V4/10s/T3,2.0,1.0,66.0,669.9999,4.0,0.27724
5.17333,/home/lizano/Documents/CSA-Loop/SNN/DS/V4/10s/T3,2.0,1.0,67.0,679.9999,4.0,0.27585
5.19333,/home/lizano/Documents/CSA-Loop/SNN/DS/V4/10s/T3,2.0,1.0,71.0,719.9999,4.0,0.26988
5.16667,/home/lizano/Documents/CSA-Loop/SNN/DS/V4/10s/T3,2.0,1.0,73.0,739.9999,4.0,0.27569
5.16667,/home/lizano/Documents/CSA-Loop/SNN/DS/V4/10s/T3,2.0,1.0,74.0,749.9999,4.0,0.26985
5.17333,/home/lizano/Documents/CSA-Loop/SNN/DS/V4/10s/T3,2.0,1.0,75.0,759.9999,4.0,0.27872
5.14,/home/lizano/Documents/CSA-Loop/SNN/DS/V4/10s/T3,2.0,1.0,76.0,769.9999,4.0,0.26668000000000003
5.17333,/home/lizano/Documents/CSA-Loop/SNN/DS/V4/10s/T3,2.0,1.0,77.0,779.9999,4.0,0.27314
5.15333,/home/lizano/Documents/CSA-Loop/SNN/DS/V4/10s/T3,2.0,1.0,79.0,799.9999,4.0,0.2656
5.16,/home/lizano/Documents/CSA-Loop/SNN/DS/V4/10s/T3,2.0,1.0,80.0,809.9999,4.0,0.27042
5.16667,/home/lizano/Documents/CSA-Loop/SNN/DS/V4/10s/T3,2.0,1.0,81.0,819.9999,4.0,0.25591
5.17333,/home/lizano/Documents/CSA-Loop/SNN/DS/V4/10s/T3,2.0,1.0,82.0,829.9999,4.0,0.2845
5.16667,/home/lizano/Documents/CSA-Loop/SNN/DS/V4/10s/T3,2.0,1.0,87.0,879.9999,4.0,0.26875
5.13333,/home/lizano/Documents/CSA-Loop/SNN/DS/V4/10s/T3,2.0,1.0,88.0,889.9999,4.0,0.26312
5.15333,/home/lizano/Documents/CSA-Loop/SNN/DS/V4/10s/T3,2.0,1.0,90.0,909.9999,4.0,0.26019000000000003
5.16,/home/lizano/Documents/CSA-Loop/SNN/DS/V4/10s/T3,2.0,1.0,91.0,919.9999,4.0,0.25787
5.1466699999999985,/home/lizano/Documents/CSA-Loop/SNN/DS/V4/10s/T3,2.0,1.0,92.0,929.9999,4.0,0.2547
5.22,/home/lizano/Documents/CSA-Loop/SNN/DS/V4/10s/T3,2.0,1.0,93.0,939.9999,4.0,0.27956
5.18667,/home/lizano/Documents/CSA-Loop/SNN/DS/V4/10s/T3,2.0,1.0,96.0,969.9999,4.0,0.25316
5.1466699999999985,/home/lizano/Documents/CSA-Loop/SNN/DS/V4/10s/T3,2.0,1.0,98.0,989.9999,4.0,0.24258
5.29333,/home/lizano/Documents/CSA-Loop/SNN/DS/V4/10s/T1,2.0,1.0,10.0,109.9999,4.0,0.7289
5.34667,/home/lizano/Documents/CSA-Loop/SNN/DS/V4/10s/T1,2.0,1.0,11.0,119.9999,4.0,0.80009
5.36667,/home/lizano/Documents/CSA-Loop/SNN/DS/V4/10s/T1,2.0,1.0,12.0,129.9999,4.0,0.83854
5.3933300000000015,/home/lizano/Documents/CSA-Loop/SNN/DS/V4/10s/T1,2.0,1.0,13.0,139.9999,4.0,0.8406399999999999
5.3,/home/lizano/Documents/CSA-Loop/SNN/DS/V4/10s/T2,2.0,1.0,10.0,109.9999,4.0,0.43226
5.26,/home/lizano/Documents/CSA-Loop/SNN/DS/V4/10s/T2,2.0,1.0,11.0,119.9999,4.0,0.41463
5.2733300000000005,/home/lizano/Documents/CSA-Loop/SNN/DS/V4/10s/T2,2.0,1.0,12.0,129.9999,4.0,0.42825
5.3,/home/lizano/Documents/CSA-Loop/SNN/DS/V4/10s/T2,2.0,1.0,13.0,139.9999,4.0,0.42847
5.25333,/home/lizano/Documents/CSA-Loop/SNN/DS/V4/10s/T2,2.0,1.0,14.0,149.9999,4.0,0.44453
5.26,/home/lizano/Documents/CSA-Loop/SNN/DS/V4/10s/T2,2.0,1.0,15.0,159.9999,4.0,0.44932
5.25333,/home/lizano/Documents/CSA-Loop/SNN/DS/V4/10s/T2,2.0,1.0,16.0,169.9999,4.0,0.44146
5.26,/home/lizano/Documents/CSA-Loop/SNN/DS/V4/10s/T2,2.0,1.0,17.0,179.9999,4.0,0.44984
5.26667,/home/lizano/Documents/CSA-Loop/SNN/DS/V4/10s/T2,2.0,1.0,18.0,189.9999,4.0,0.4471600000000001
5.26667,/home/lizano/Documents/CSA-Loop/SNN/DS/V4/10s/T2,2.0,1.0,19.0,199.9999,4.0,0.4481600000000001
5.3,/home/lizano/Documents/CSA-Loop/SNN/DS/V4/10s/T2,2.0,1.0,20.0,209.9999,4.0,0.46683
5.2733300000000005,/home/lizano/Documents/CSA-Loop/SNN/DS/V4/10s/T2,2.0,1.0,21.0,219.9999,4.0,0.45673
5.26667,/home/lizano/Documents/CSA-Loop/SNN/DS/V4/10s/T2,2.0,1.0,22.0,229.9999,4.0,0.44533
5.28,/home/lizano/Documents/CSA-Loop/SNN/DS/V4/10s/T2,2.0,1.0,23.0,239.9999,4.0,0.44119
5.28,/home/lizano/Documents/CSA-Loop/SNN/DS/V4/10s/T2,2.0,1.0,24.0,249.9999,4.0,0.45237
5.29333,/home/lizano/Documents/CSA-Loop/SNN/DS/V4/10s/T2,2.0,1.0,25.0,259.9999,4.0,0.4719600000000001
5.28667,/home/lizano/Documents/CSA-Loop/SNN/DS/V4/10s/T2,2.0,1.0,26.0,269.9999,4.0,0.45682
5.28667,/home/lizano/Documents/CSA-Loop/SNN/DS/V4/10s/T2,2.0,1.0,27.0,279.9999,4.0,0.46493
5.28667,/home/lizano/Documents/CSA-Loop/SNN/DS/V4/10s/T2,2.0,1.0,28.0,289.9999,4.0,0.46233
5.28,/home/lizano/Documents/CSA-Loop/SNN/DS/V4/10s/T2,2.0,1.0,29.0,299.9999,4.0,0.46359
5.28,/home/lizano/Documents/CSA-Loop/SNN/DS/V4/10s/T2,2.0,1.0,30.0,309.9999,4.0,0.44752
5.2733300000000005,/home/lizano/Documents/CSA-Loop/SNN/DS/V4/10s/T2,2.0,1.0,31.0,319.9999,4.0,0.46261
5.28667,/home/lizano/Documents/CSA-Loop/SNN/DS/V4/10s/T2,2.0,1.0,32.0,329.9999,4.0,0.46134
5.2733300000000005,/home/lizano/Documents/CSA-Loop/SNN/DS/V4/10s/T2,2.0,1.0,33.0,339.9999,4.0,0.46734
5.3,/home/lizano/Documents/CSA-Loop/SNN/DS/V4/10s/T2,2.0,1.0,34.0,349.9999,4.0,0.46062
5.29333,/home/lizano/Documents/CSA-Loop/SNN/DS/V4/10s/T2,2.0,1.0,35.0,359.9999,4.0,0.46094
5.28667,/home/lizano/Documents/CSA-Loop/SNN/DS/V4/10s/T2,2.0,1.0,36.0,369.9999,4.0,0.45444
5.29333,/home/lizano/Documents/CSA-Loop/SNN/DS/V4/10s/T2,2.0,1.0,37.0,379.9999,4.0,0.46569
5.29333,/home/lizano/Documents/CSA-Loop/SNN/DS/V4/10s/T2,2.0,1.0,38.0,389.9999,4.0,0.45563
5.28667,/home/lizano/Documents/CSA-Loop/SNN/DS/V4/10s/T2,2.0,1.0,39.0,399.9999,4.0,0.46006
5.28,/home/lizano/Documents/CSA-Loop/SNN/DS/V4/10s/T2,2.0,1.0,40.0,409.9999,4.0,0.47706
5.2733300000000005,/home/lizano/Documents/CSA-Loop/SNN/DS/V4/10s/T2,2.0,1.0,41.0,419.9999,4.0,0.46292
5.29333,/home/lizano/Documents/CSA-Loop/SNN/DS/V4/10s/T2,2.0,1.0,42.0,429.9999,4.0,0.4692
5.3,/home/lizano/Documents/CSA-Loop/SNN/DS/V4/10s/T2,2.0,1.0,43.0,439.9999,4.0,0.45193
5.28667,/home/lizano/Documents/CSA-Loop/SNN/DS/V4/10s/T2,2.0,1.0,44.0,449.9999,4.0,0.45398
5.28,/home/lizano/Documents/CSA-Loop/SNN/DS/V4/10s/T2,2.0,1.0,45.0,459.9999,4.0,0.46358
5.3,/home/lizano/Documents/CSA-Loop/SNN/DS/V4/10s/T2,2.0,1.0,46.0,469.9999,4.0,0.47088
5.2733300000000005,/home/lizano/Documents/CSA-Loop/SNN/DS/V4/10s/T2,2.0,1.0,47.0,479.9999,4.0,0.45153
5.26667,/home/lizano/Documents/CSA-Loop/SNN/DS/V4/10s/T2,2.0,1.0,48.0,489.9999,4.0,0.45124
5.26667,/home/lizano/Documents/CSA-Loop/SNN/DS/V4/10s/T2,2.0,1.0,49.0,499.9999,4.0,0.45229
5.28,/home/lizano/Documents/CSA-Loop/SNN/DS/V4/10s/T2,2.0,1.0,50.0,509.9999,4.0,0.4533
5.28667,/home/lizano/Documents/CSA-Loop/SNN/DS/V4/10s/T2,2.0,1.0,51.0,519.9999,4.0,0.44934
5.28,/home/lizano/Documents/CSA-Loop/SNN/DS/V4/10s/T2,2.0,1.0,52.0,529.9999,4.0,0.44439
5.28667,/home/lizano/Documents/CSA-Loop/SNN/DS/V4/10s/T2,2.0,1.0,53.0,539.9999,4.0,0.4424
5.29333,/home/lizano/Documents/CSA-Loop/SNN/DS/V4/10s/T2,2.0,1.0,54.0,549.9999,4.0,0.45878
5.28667,/home/lizano/Documents/CSA-Loop/SNN/DS/V4/10s/T2,2.0,1.0,55.0,559.9999,4.0,0.46322
5.28,/home/lizano/Documents/CSA-Loop/SNN/DS/V4/10s/T2,2.0,1.0,56.0,569.9999,4.0,0.47461
5.28667,/home/lizano/Documents/CSA-Loop/SNN/DS/V4/10s/T2,2.0,1.0,57.0,579.9999,4.0,0.46512
5.28667,/home/lizano/Documents/CSA-Loop/SNN/DS/V4/10s/T2,2.0,1.0,58.0,589.9999,4.0,0.46504
5.28667,/home/lizano/Documents/CSA-Loop/SNN/DS/V4/10s/T2,2.0,1.0,59.0,599.9999,4.0,0.46555
5.28667,/home/lizano/Documents/CSA-Loop/SNN/DS/V4/10s/T2,2.0,1.0,60.0,609.9999,4.0,0.46434
5.2733300000000005,/home/lizano/Documents/CSA-Loop/SNN/DS/V4/10s/T2,2.0,1.0,61.0,619.9999,4.0,0.45968
5.25333,/home/lizano/Documents/CSA-Loop/SNN/DS/V4/10s/T2,2.0,1.0,62.0,629.9999,4.0,0.43569
5.28,/home/lizano/Documents/CSA-Loop/SNN/DS/V4/10s/T2,2.0,1.0,63.0,639.9999,4.0,0.46568
5.28,/home/lizano/Documents/CSA-Loop/SNN/DS/V4/10s/T2,2.0,1.0,64.0,649.9999,4.0,0.46115
5.28,/home/lizano/Documents/CSA-Loop/SNN/DS/V4/10s/T2,2.0,1.0,65.0,659.9999,4.0,0.46357
5.28,/home/lizano/Documents/CSA-Loop/SNN/DS/V4/10s/T2,2.0,1.0,66.0,669.9999,4.0,0.45311
5.26667,/home/lizano/Documents/CSA-Loop/SNN/DS/V4/10s/T2,2.0,1.0,67.0,679.9999,4.0,0.45477
5.26667,/home/lizano/Documents/CSA-Loop/SNN/DS/V4/10s/T2,2.0,1.0,68.0,689.9999,4.0,0.45268
5.2733300000000005,/home/lizano/Documents/CSA-Loop/SNN/DS/V4/10s/T2,2.0,1.0,69.0,699.9999,4.0,0.47071
5.26,/home/lizano/Documents/CSA-Loop/SNN/DS/V4/10s/T2,2.0,1.0,70.0,709.9999,4.0,0.45205
5.28667,/home/lizano/Documents/CSA-Loop/SNN/DS/V4/10s/T2,2.0,1.0,71.0,719.9999,4.0,0.45036
5.28,/home/lizano/Documents/CSA-Loop/SNN/DS/V4/10s/T2,2.0,1.0,72.0,729.9999,4.0,0.46587
5.28667,/home/lizano/Documents/CSA-Loop/SNN/DS/V4/10s/T2,2.0,1.0,73.0,739.9999,4.0,0.45805
5.2733300000000005,/home/lizano/Documents/CSA-Loop/SNN/DS/V4/10s/T2,2.0,1.0,74.0,749.9999,4.0,0.46873
5.28,/home/lizano/Documents/CSA-Loop/SNN/DS/V4/10s/T2,2.0,1.0,75.0,759.9999,4.0,0.45764
5.28667,/home/lizano/Documents/CSA-Loop/SNN/DS/V4/10s/T2,2.0,1.0,76.0,769.9999,4.0,0.4494
5.28,/home/lizano/Documents/CSA-Loop/SNN/DS/V4/10s/T2,2.0,1.0,77.0,779.9999,4.0,0.45636
5.28,/home/lizano/Documents/CSA-Loop/SNN/DS/V4/10s/T2,2.0,1.0,78.0,789.9999,4.0,0.45847
5.28,/home/lizano/Documents/CSA-Loop/SNN/DS/V4/10s/T2,2.0,1.0,79.0,799.9999,4.0,0.45915
5.2733300000000005,/home/lizano/Documents/CSA-Loop/SNN/DS/V4/10s/T2,2.0,1.0,80.0,809.9999,4.0,0.4654100000000001
5.2733300000000005,/home/lizano/Documents/CSA-Loop/SNN/DS/V4/10s/T2,2.0,1.0,81.0,819.9999,4.0,0.4656
5.29333,/home/lizano/Documents/CSA-Loop/SNN/DS/V4/10s/T2,2.0,1.0,82.0,829.9999,4.0,0.46578
5.28667,/home/lizano/Documents/CSA-Loop/SNN/DS/V4/10s/T2,2.0,1.0,83.0,839.9999,4.0,0.4612
5.28,/home/lizano/Documents/CSA-Loop/SNN/DS/V4/10s/T2,2.0,1.0,84.0,849.9999,4.0,0.46111
5.28,/home/lizano/Documents/CSA-Loop/SNN/DS/V4/10s/T2,2.0,1.0,85.0,859.9999,4.0,0.45759
5.28,/home/lizano/Documents/CSA-Loop/SNN/DS/V4/10s/T2,2.0,1.0,86.0,869.9999,4.0,0.45637
5.2733300000000005,/home/lizano/Documents/CSA-Loop/SNN/DS/V4/10s/T2,2.0,1.0,87.0,879.9999,4.0,0.46027
5.2733300000000005,/home/lizano/Documents/CSA-Loop/SNN/DS/V4/10s/T2,2.0,1.0,88.0,889.9999,4.0,0.4621
5.28667,/home/lizano/Documents/CSA-Loop/SNN/DS/V4/10s/T2,2.0,1.0,89.0,899.9999,4.0,0.4687
5.2733300000000005,/home/lizano/Documents/CSA-Loop/SNN/DS/V4/10s/T2,2.0,1.0,90.0,909.9999,4.0,0.46006
5.28,/home/lizano/Documents/CSA-Loop/SNN/DS/V4/10s/T2,2.0,1.0,91.0,919.9999,4.0,0.4559
5.2733300000000005,/home/lizano/Documents/CSA-Loop/SNN/DS/V4/10s/T2,2.0,1.0,92.0,929.9999,4.0,0.47432
5.26667,/home/lizano/Documents/CSA-Loop/SNN/DS/V4/10s/T2,2.0,1.0,93.0,939.9999,4.0,0.4544
5.2733300000000005,/home/lizano/Documents/CSA-Loop/SNN/DS/V4/10s/T2,2.0,1.0,94.0,949.9999,4.0,0.45359
5.28,/home/lizano/Documents/CSA-Loop/SNN/DS/V4/10s/T2,2.0,1.0,95.0,959.9999,4.0,0.47273
5.2733300000000005,/home/lizano/Documents/CSA-Loop/SNN/DS/V4/10s/T2,2.0,1.0,96.0,969.9999,4.0,0.45533
5.28667,/home/lizano/Documents/CSA-Loop/SNN/DS/V4/10s/T2,2.0,1.0,97.0,979.9999,4.0,0.45604
5.29333,/home/lizano/Documents/CSA-Loop/SNN/DS/V4/10s/T2,2.0,1.0,98.0,989.9999,4.0,0.45651
5.29333,/home/lizano/Documents/CSA-Loop/SNN/DS/V4/10s/T2,2.0,1.0,99.0,999.9999,4.0,0.45549
5.40667,/home/lizano/Documents/CSA-Loop/SNN/DS/V4/10s/T8,1.0,2.0,9.0,99.9999,4.0,0.92968
5.52,/home/lizano/Documents/CSA-Loop/SNN/DS/V4/10s/T8,1.0,2.0,10.0,109.9999,4.0,0.99513
5.52,/home/lizano/Documents/CSA-Loop/SNN/DS/V4/10s/T8,1.0,2.0,11.0,119.9999,4.0,0.99574
5.52,/home/lizano/Documents/CSA-Loop/SNN/DS/V4/10s/T8,1.0,2.0,12.0,129.9999,4.0,0.98978
5.52,/home/lizano/Documents/CSA-Loop/SNN/DS/V4/10s/T8,1.0,2.0,13.0,139.9999,4.0,0.99537
5.52,/home/lizano/Documents/CSA-Loop/SNN/DS/V4/10s/T8,1.0,2.0,14.0,149.9999,4.0,0.99286
5.52,/home/lizano/Documents/CSA-Loop/SNN/DS/V4/10s/T8,1.0,2.0,15.0,159.9999,4.0,0.99427
5.50667,/home/lizano/Documents/CSA-Loop/SNN/DS/V4/10s/T8,1.0,2.0,16.0,169.9999,4.0,0.98518
5.526669999999998,/home/lizano/Documents/CSA-Loop/SNN/DS/V4/10s/T8,1.0,2.0,17.0,179.9999,4.0,0.99494
5.526669999999998,/home/lizano/Documents/CSA-Loop/SNN/DS/V4/10s/T8,1.0,2.0,18.0,189.9999,4.0,0.99589
5.526669999999998,/home/lizano/Documents/CSA-Loop/SNN/DS/V4/10s/T8,1.0,2.0,19.0,199.9999,4.0,0.99244
5.526669999999998,/home/lizano/Documents/CSA-Loop/SNN/DS/V4/10s/T8,1.0,2.0,20.0,209.9999,4.0,0.99317
5.526669999999998,/home/lizano/Documents/CSA-Loop/SNN/DS/V4/10s/T8,1.0,2.0,21.0,219.9999,4.0,0.99635
5.526669999999998,/home/lizano/Documents/CSA-Loop/SNN/DS/V4/10s/T8,1.0,2.0,22.0,229.9999,4.0,0.99241
5.526669999999998,/home/lizano/Documents/CSA-Loop/SNN/DS/V4/10s/T8,1.0,2.0,23.0,239.9999,4.0,0.99331
5.526669999999998,/home/lizano/Documents/CSA-Loop/SNN/DS/V4/10s/T8,1.0,2.0,24.0,249.9999,4.0,0.99512
5.526669999999998,/home/lizano/Documents/CSA-Loop/SNN/DS/V4/10s/T8,1.0,2.0,25.0,259.9999,4.0,0.99623
5.50667,/home/lizano/Documents/CSA-Loop/SNN/DS/V4/10s/T8,1.0,2.0,26.0,269.9999,4.0,0.98618
5.526669999999998,/home/lizano/Documents/CSA-Loop/SNN/DS/V4/10s/T8,1.0,2.0,27.0,279.9999,4.0,0.99224
5.526669999999998,/home/lizano/Documents/CSA-Loop/SNN/DS/V4/10s/T8,1.0,2.0,28.0,289.9999,4.0,0.9946
5.526669999999998,/home/lizano/Documents/CSA-Loop/SNN/DS/V4/10s/T8,1.0,2.0,29.0,299.9999,4.0,0.99324
5.526669999999998,/home/lizano/Documents/CSA-Loop/SNN/DS/V4/10s/T8,1.0,2.0,30.0,309.9999,4.0,0.99584
5.526669999999998,/home/lizano/Documents/CSA-Loop/SNN/DS/V4/10s/T8,1.0,2.0,31.0,319.9999,4.0,0.99176
5.526669999999998,/home/lizano/Documents/CSA-Loop/SNN/DS/V4/10s/T8,1.0,2.0,32.0,329.9999,4.0,0.99267
5.526669999999998,/home/lizano/Documents/CSA-Loop/SNN/DS/V4/10s/T8,1.0,2.0,33.0,339.9999,4.0,0.99567
5.526669999999998,/home/lizano/Documents/CSA-Loop/SNN/DS/V4/10s/T8,1.0,2.0,34.0,349.9999,4.0,0.9952
5.526669999999998,/home/lizano/Documents/CSA-Loop/SNN/DS/V4/10s/T8,1.0,2.0,35.0,359.9999,4.0,0.99397
5.526669999999998,/home/lizano/Documents/CSA-Loop/SNN/DS/V4/10s/T8,1.0,2.0,36.0,369.9999,4.0,0.99351
5.526669999999998,/home/lizano/Documents/CSA-Loop/SNN/DS/V4/10s/T8,1.0,2.0,37.0,379.9999,4.0,0.99261
5.526669999999998,/home/lizano/Documents/CSA-Loop/SNN/DS/V4/10s/T8,1.0,2.0,38.0,389.9999,4.0,0.9946
5.526669999999998,/home/lizano/Documents/CSA-Loop/SNN/DS/V4/10s/T8,1.0,2.0,39.0,399.9999,4.0,0.99281
5.526669999999998,/home/lizano/Documents/CSA-Loop/SNN/DS/V4/10s/T8,1.0,2.0,40.0,409.9999,4.0,0.99519
5.526669999999998,/home/lizano/Documents/CSA-Loop/SNN/DS/V4/10s/T8,1.0,2.0,41.0,419.9999,4.0,0.99606
5.526669999999998,/home/lizano/Documents/CSA-Loop/SNN/DS/V4/10s/T8,1.0,2.0,42.0,429.9999,4.0,0.99374
5.526669999999998,/home/lizano/Documents/CSA-Loop/SNN/DS/V4/10s/T8,1.0,2.0,43.0,439.9999,4.0,0.99593
5.526669999999998,/home/lizano/Documents/CSA-Loop/SNN/DS/V4/10s/T8,1.0,2.0,44.0,449.9999,4.0,0.99275
5.526669999999998,/home/lizano/Documents/CSA-Loop/SNN/DS/V4/10s/T8,1.0,2.0,45.0,459.9999,4.0,0.99395
5.526669999999998,/home/lizano/Documents/CSA-Loop/SNN/DS/V4/10s/T8,1.0,2.0,46.0,469.9999,4.0,0.99244
5.526669999999998,/home/lizano/Documents/CSA-Loop/SNN/DS/V4/10s/T8,1.0,2.0,47.0,479.9999,4.0,0.99485
5.526669999999998,/home/lizano/Documents/CSA-Loop/SNN/DS/V4/10s/T8,1.0,2.0,48.0,489.9999,4.0,0.99391
5.526669999999998,/home/lizano/Documents/CSA-Loop/SNN/DS/V4/10s/T8,1.0,2.0,49.0,499.9999,4.0,0.99518
5.526669999999998,/home/lizano/Documents/CSA-Loop/SNN/DS/V4/10s/T8,1.0,2.0,50.0,509.9999,4.0,0.99275
5.526669999999998,/home/lizano/Documents/CSA-Loop/SNN/DS/V4/10s/T8,1.0,2.0,51.0,519.9999,4.0,0.99494
5.526669999999998,/home/lizano/Documents/CSA-Loop/SNN/DS/V4/10s/T8,1.0,2.0,52.0,529.9999,4.0,0.99511
5.52,/home/lizano/Documents/CSA-Loop/SNN/DS/V4/10s/T8,1.0,2.0,53.0,539.9999,4.0,0.99037
5.526669999999998,/home/lizano/Documents/CSA-Loop/SNN/DS/V4/10s/T8,1.0,2.0,54.0,549.9999,4.0,0.99459
5.526669999999998,/home/lizano/Documents/CSA-Loop/SNN/DS/V4/10s/T8,1.0,2.0,55.0,559.9999,4.0,0.99544
5.526669999999998,/home/lizano/Documents/CSA-Loop/SNN/DS/V4/10s/T8,1.0,2.0,56.0,569.9999,4.0,0.99468
5.526669999999998,/home/lizano/Documents/CSA-Loop/SNN/DS/V4/10s/T8,1.0,2.0,57.0,579.9999,4.0,0.99539
5.526669999999998,/home/lizano/Documents/CSA-Loop/SNN/DS/V4/10s/T8,1.0,2.0,58.0,589.9999,4.0,0.99529
5.526669999999998,/home/lizano/Documents/CSA-Loop/SNN/DS/V4/10s/T8,1.0,2.0,59.0,599.9999,4.0,0.99467
5.526669999999998,/home/lizano/Documents/CSA-Loop/SNN/DS/V4/10s/T8,1.0,2.0,60.0,609.9999,4.0,0.99256
5.526669999999998,/home/lizano/Documents/CSA-Loop/SNN/DS/V4/10s/T8,1.0,2.0,61.0,619.9999,4.0,0.99445
5.526669999999998,/home/lizano/Documents/CSA-Loop/SNN/DS/V4/10s/T8,1.0,2.0,62.0,629.9999,4.0,0.99504
5.526669999999998,/home/lizano/Documents/CSA-Loop/SNN/DS/V4/10s/T8,1.0,2.0,63.0,639.9999,4.0,0.99415
5.526669999999998,/home/lizano/Documents/CSA-Loop/SNN/DS/V4/10s/T8,1.0,2.0,64.0,649.9999,4.0,0.99432
5.526669999999998,/home/lizano/Documents/CSA-Loop/SNN/DS/V4/10s/T8,1.0,2.0,65.0,659.9999,4.0,0.99223
5.526669999999998,/home/lizano/Documents/CSA-Loop/SNN/DS/V4/10s/T8,1.0,2.0,66.0,669.9999,4.0,0.99121
5.526669999999998,/home/lizano/Documents/CSA-Loop/SNN/DS/V4/10s/T8,1.0,2.0,67.0,679.9999,4.0,0.99399
5.50667,/home/lizano/Documents/CSA-Loop/SNN/DS/V4/10s/T8,1.0,2.0,68.0,689.9999,4.0,0.98843
5.526669999999998,/home/lizano/Documents/CSA-Loop/SNN/DS/V4/10s/T8,1.0,2.0,69.0,699.9999,4.0,0.99395
5.526669999999998,/home/lizano/Documents/CSA-Loop/SNN/DS/V4/10s/T8,1.0,2.0,70.0,709.9999,4.0,0.99209
5.50667,/home/lizano/Documents/CSA-Loop/SNN/DS/V4/10s/T8,1.0,2.0,71.0,719.9999,4.0,0.98832
5.526669999999998,/home/lizano/Documents/CSA-Loop/SNN/DS/V4/10s/T8,1.0,2.0,72.0,729.9999,4.0,0.99177
5.526669999999998,/home/lizano/Documents/CSA-Loop/SNN/DS/V4/10s/T8,1.0,2.0,73.0,739.9999,4.0,0.99453
5.526669999999998,/home/lizano/Documents/CSA-Loop/SNN/DS/V4/10s/T8,1.0,2.0,74.0,749.9999,4.0,0.99365
5.526669999999998,/home/lizano/Documents/CSA-Loop/SNN/DS/V4/10s/T8,1.0,2.0,75.0,759.9999,4.0,0.99475
5.526669999999998,/home/lizano/Documents/CSA-Loop/SNN/DS/V4/10s/T8,1.0,2.0,76.0,769.9999,4.0,0.99111
5.526669999999998,/home/lizano/Documents/CSA-Loop/SNN/DS/V4/10s/T8,1.0,2.0,77.0,779.9999,4.0,0.99065
5.526669999999998,/home/lizano/Documents/CSA-Loop/SNN/DS/V4/10s/T8,1.0,2.0,78.0,789.9999,4.0,0.99325
5.526669999999998,/home/lizano/Documents/CSA-Loop/SNN/DS/V4/10s/T8,1.0,2.0,79.0,799.9999,4.0,0.99224
5.526669999999998,/home/lizano/Documents/CSA-Loop/SNN/DS/V4/10s/T8,1.0,2.0,80.0,809.9999,4.0,0.99473
5.526669999999998,/home/lizano/Documents/CSA-Loop/SNN/DS/V4/10s/T8,1.0,2.0,81.0,819.9999,4.0,0.99115
5.526669999999998,/home/lizano/Documents/CSA-Loop/SNN/DS/V4/10s/T8,1.0,2.0,82.0,829.9999,4.0,0.99477
5.50667,/home/lizano/Documents/CSA-Loop/SNN/DS/V4/10s/T8,1.0,2.0,83.0,839.9999,4.0,0.98887
5.52,/home/lizano/Documents/CSA-Loop/SNN/DS/V4/10s/T8,1.0,2.0,84.0,849.9999,4.0,0.99393
5.50667,/home/lizano/Documents/CSA-Loop/SNN/DS/V4/10s/T8,1.0,2.0,85.0,859.9999,4.0,0.98967
5.526669999999998,/home/lizano/Documents/CSA-Loop/SNN/DS/V4/10s/T8,1.0,2.0,86.0,869.9999,4.0,0.99563
5.526669999999998,/home/lizano/Documents/CSA-Loop/SNN/DS/V4/10s/T8,1.0,2.0,87.0,879.9999,4.0,0.99385
5.526669999999998,/home/lizano/Documents/CSA-Loop/SNN/DS/V4/10s/T8,1.0,2.0,88.0,889.9999,4.0,0.99532
5.526669999999998,/home/lizano/Documents/CSA-Loop/SNN/DS/V4/10s/T8,1.0,2.0,89.0,899.9999,4.0,0.99594
5.526669999999998,/home/lizano/Documents/CSA-Loop/SNN/DS/V4/10s/T8,1.0,2.0,90.0,909.9999,4.0,0.99448
5.526669999999998,/home/lizano/Documents/CSA-Loop/SNN/DS/V4/10s/T8,1.0,2.0,91.0,919.9999,4.0,0.99565
5.526669999999998,/home/lizano/Documents/CSA-Loop/SNN/DS/V4/10s/T8,1.0,2.0,92.0,929.9999,4.0,0.99445
5.526669999999998,/home/lizano/Documents/CSA-Loop/SNN/DS/V4/10s/T8,1.0,2.0,93.0,939.9999,4.0,0.99451
5.526669999999998,/home/lizano/Documents/CSA-Loop/SNN/DS/V4/10s/T8,1.0,2.0,94.0,949.9999,4.0,0.99412
5.526669999999998,/home/lizano/Documents/CSA-Loop/SNN/DS/V4/10s/T8,1.0,2.0,95.0,959.9999,4.0,0.99361
5.526669999999998,/home/lizano/Documents/CSA-Loop/SNN/DS/V4/10s/T8,1.0,2.0,96.0,969.9999,4.0,0.99541
5.526669999999998,/home/lizano/Documents/CSA-Loop/SNN/DS/V4/10s/T8,1.0,2.0,97.0,979.9999,4.0,0.99591
5.526669999999998,/home/lizano/Documents/CSA-Loop/SNN/DS/V4/10s/T8,1.0,2.0,98.0,989.9999,4.0,0.99514
5.526669999999998,/home/lizano/Documents/CSA-Loop/SNN/DS/V4/10s/T8,1.0,2.0,99.0,999.9999,4.0,0.99625
4.86667,/home/lizano/Documents/CSA-Loop/SNN/DS/V4/10s/T5,2.0,1.0,2.0,29.9999,4.0,0.36863
4.98,/home/lizano/Documents/CSA-Loop/SNN/DS/V4/10s/T5,2.0,1.0,5.0,59.9999,4.0,0.47424
5.09333,/home/lizano/Documents/CSA-Loop/SNN/DS/V4/10s/T5,2.0,1.0,6.0,69.9999,4.0,0.5198699999999999
5.21333,/home/lizano/Documents/CSA-Loop/SNN/DS/V4/10s/T5,2.0,1.0,7.0,79.9999,4.0,0.5543399999999999
5.18,/home/lizano/Documents/CSA-Loop/SNN/DS/V4/10s/T5,2.0,1.0,8.0,89.9999,4.0,0.61298
5.22,/home/lizano/Documents/CSA-Loop/SNN/DS/V4/10s/T5,2.0,1.0,9.0,99.9999,4.0,0.61338
5.28,/home/lizano/Documents/CSA-Loop/SNN/DS/V4/10s/T5,2.0,1.0,10.0,109.9999,4.0,0.6991
5.4333300000000015,/home/lizano/Documents/CSA-Loop/SNN/DS/V4/10s/T5,2.0,1.0,11.0,119.9999,4.0,0.8324799999999999
5.473330000000002,/home/lizano/Documents/CSA-Loop/SNN/DS/V1/5s/T2,1.0,2.0,0.0,4.9999,1.0,0.92294
4.1466699999999985,/home/lizano/Documents/CSA-Loop/SNN/DS/V1/5s/T2,0.0,1.0,12.0,64.9999,1.0,0.55986
4.05333,/home/lizano/Documents/CSA-Loop/SNN/DS/V3/10s/T10,0.0,1.0,10.0,109.9999,3.0,0.25387
4.2733300000000005,/home/lizano/Documents/CSA-Loop/SNN/DS/V3/10s/T10,0.0,1.0,17.0,179.9999,3.0,0.20644
4.53333,/home/lizano/Documents/CSA-Loop/SNN/DS/V3/10s/T10,0.0,1.0,18.0,189.9999,3.0,0.27026
4.76667,/home/lizano/Documents/CSA-Loop/SNN/DS/V3/10s/T10,0.0,1.0,54.0,549.9999,3.0,0.31862
3.87333,/home/lizano/Documents/CSA-Loop/SNN/DS/V3/10s/T4,1.0,0.0,15.0,159.9999,3.0,0.22058000000000005
3.88,/home/lizano/Documents/CSA-Loop/SNN/DS/V3/10s/T4,1.0,0.0,16.0,169.9999,3.0,0.21645
3.92,/home/lizano/Documents/CSA-Loop/SNN/DS/V3/10s/T4,1.0,0.0,17.0,179.9999,3.0,0.25251
3.95333,/home/lizano/Documents/CSA-Loop/SNN/DS/V3/10s/T4,1.0,0.0,18.0,189.9999,3.0,0.15363
3.94667,/home/lizano/Documents/CSA-Loop/SNN/DS/V3/10s/T4,1.0,0.0,19.0,199.9999,3.0,0.2104
4.25333,/home/lizano/Documents/CSA-Loop/SNN/DS/V3/10s/T4,0.0,1.0,30.0,309.9999,3.0,0.44358
4.28,/home/lizano/Documents/CSA-Loop/SNN/DS/V3/10s/T4,0.0,1.0,31.0,319.9999,3.0,0.40953
4.22667,/home/lizano/Documents/CSA-Loop/SNN/DS/V3/10s/T4,0.0,1.0,32.0,329.9999,3.0,0.42709
4.513330000000002,/home/lizano/Documents/CSA-Loop/SNN/DS/V3/10s/T4,0.0,1.0,57.0,579.9999,3.0,0.5711
4.57333,/home/lizano/Documents/CSA-Loop/SNN/DS/V3/10s/T4,0.0,1.0,80.0,809.9999,3.0,0.63815
4.66667,/home/lizano/Documents/CSA-Loop/SNN/DS/V3/10s/T4,0.0,1.0,81.0,819.9999,3.0,0.64058
4.62667,/home/lizano/Documents/CSA-Loop/SNN/DS/V3/10s/T4,0.0,1.0,82.0,829.9999,3.0,0.6461
4.63333,/home/lizano/Documents/CSA-Loop/SNN/DS/V3/10s/T4,0.0,1.0,83.0,839.9999,3.0,0.6649
4.66,/home/lizano/Documents/CSA-Loop/SNN/DS/V3/10s/T4,0.0,1.0,84.0,849.9999,3.0,0.65742
4.84,/home/lizano/Documents/CSA-Loop/SNN/DS/V3/10s/T4,0.0,1.0,86.0,869.9999,3.0,0.67257
4.07333,/home/lizano/Documents/CSA-Loop/SNN/DS/V3/10s/T9,0.0,1.0,13.0,139.9999,3.0,0.15996
4.25333,/home/lizano/Documents/CSA-Loop/SNN/DS/V3/10s/T9,0.0,1.0,14.0,149.9999,3.0,0.16818
4.38667,/home/lizano/Documents/CSA-Loop/SNN/DS/V3/10s/T9,0.0,1.0,15.0,159.9999,3.0,0.13501
4.32667,/home/lizano/Documents/CSA-Loop/SNN/DS/V3/10s/T9,0.0,1.0,16.0,169.9999,3.0,0.12744
4.18667,/home/lizano/Documents/CSA-Loop/SNN/DS/V3/10s/T9,0.0,1.0,17.0,179.9999,3.0,0.06431
4.3533300000000015,/home/lizano/Documents/CSA-Loop/SNN/DS/V3/10s/T9,0.0,1.0,20.0,209.9999,3.0,0.0473
4.26667,/home/lizano/Documents/CSA-Loop/SNN/DS/V3/10s/T9,0.0,1.0,21.0,219.9999,3.0,0.00533
4.21333,/home/lizano/Documents/CSA-Loop/SNN/DS/V3/10s/T9,0.0,1.0,22.0,229.9999,3.0,0.035460000000000005
4.473330000000002,/home/lizano/Documents/CSA-Loop/SNN/DS/V3/10s/T9,0.0,1.0,24.0,249.9999,3.0,0.09703
4.54,/home/lizano/Documents/CSA-Loop/SNN/DS/V3/10s/T9,0.0,1.0,29.0,299.9999,3.0,0.08868999999999999
4.55333,/home/lizano/Documents/CSA-Loop/SNN/DS/V3/10s/T9,0.0,1.0,30.0,309.9999,3.0,0.09513
4.40667,/home/lizano/Documents/CSA-Loop/SNN/DS/V3/10s/T9,0.0,1.0,34.0,349.9999,3.0,0.09705
4.49333,/home/lizano/Documents/CSA-Loop/SNN/DS/V3/10s/T9,0.0,1.0,36.0,369.9999,3.0,0.15671
4.54,/home/lizano/Documents/CSA-Loop/SNN/DS/V3/10s/T9,0.0,1.0,37.0,379.9999,3.0,0.14125
4.50667,/home/lizano/Documents/CSA-Loop/SNN/DS/V3/10s/T9,0.0,1.0,38.0,389.9999,3.0,0.08142
4.38,/home/lizano/Documents/CSA-Loop/SNN/DS/V3/10s/T9,0.0,1.0,40.0,409.9999,3.0,0.10511
4.62,/home/lizano/Documents/CSA-Loop/SNN/DS/V3/10s/T9,0.0,1.0,41.0,419.9999,3.0,0.09501
4.42667,/home/lizano/Documents/CSA-Loop/SNN/DS/V3/10s/T9,0.0,1.0,43.0,439.9999,3.0,0.14385
4.28667,/home/lizano/Documents/CSA-Loop/SNN/DS/V3/10s/T9,0.0,1.0,44.0,449.9999,3.0,0.07558
4.45333,/home/lizano/Documents/CSA-Loop/SNN/DS/V3/10s/T9,0.0,1.0,45.0,459.9999,3.0,0.17945999999999998
4.24667,/home/lizano/Documents/CSA-Loop/SNN/DS/V3/10s/T9,0.0,1.0,46.0,469.9999,3.0,0.20216
4.42,/home/lizano/Documents/CSA-Loop/SNN/DS/V3/10s/T9,0.0,1.0,47.0,479.9999,3.0,0.25732
4.526669999999998,/home/lizano/Documents/CSA-Loop/SNN/DS/V3/10s/T9,0.0,1.0,57.0,579.9999,3.0,0.26383
4.48,/home/lizano/Documents/CSA-Loop/SNN/DS/V3/10s/T9,0.0,1.0,58.0,589.9999,3.0,0.31698000000000004
4.61333,/home/lizano/Documents/CSA-Loop/SNN/DS/V3/10s/T9,0.0,1.0,75.0,759.9999,3.0,0.30912
4.07333,/home/lizano/Documents/CSA-Loop/SNN/DS/V3/10s/T7,0.0,1.0,12.0,129.9999,3.0,0.16951
4.19333,/home/lizano/Documents/CSA-Loop/SNN/DS/V3/10s/T7,0.0,1.0,13.0,139.9999,3.0,0.22255
4.14,/home/lizano/Documents/CSA-Loop/SNN/DS/V3/10s/T7,0.0,1.0,14.0,149.9999,3.0,0.20668000000000006
4.42,/home/lizano/Documents/CSA-Loop/SNN/DS/V3/10s/T7,0.0,1.0,16.0,169.9999,3.0,0.32827
4.28667,/home/lizano/Documents/CSA-Loop/SNN/DS/V3/10s/T7,0.0,1.0,17.0,179.9999,3.0,0.28538
4.3933300000000015,/home/lizano/Documents/CSA-Loop/SNN/DS/V3/10s/T7,0.0,1.0,18.0,189.9999,3.0,0.31995
4.46,/home/lizano/Documents/CSA-Loop/SNN/DS/V3/10s/T7,0.0,1.0,19.0,199.9999,3.0,0.38107
4.44,/home/lizano/Documents/CSA-Loop/SNN/DS/V3/10s/T7,0.0,1.0,20.0,209.9999,3.0,0.36706
4.5,/home/lizano/Documents/CSA-Loop/SNN/DS/V3/10s/T7,0.0,1.0,22.0,229.9999,3.0,0.32344
4.473330000000002,/home/lizano/Documents/CSA-Loop/SNN/DS/V3/10s/T7,0.0,1.0,24.0,249.9999,3.0,0.37242
4.52,/home/lizano/Documents/CSA-Loop/SNN/DS/V3/10s/T7,0.0,1.0,25.0,259.9999,3.0,0.35121
4.44667,/home/lizano/Documents/CSA-Loop/SNN/DS/V3/10s/T7,0.0,1.0,26.0,269.9999,3.0,0.36454
4.61333,/home/lizano/Documents/CSA-Loop/SNN/DS/V3/10s/T7,0.0,1.0,27.0,279.9999,3.0,0.34482
4.53333,/home/lizano/Documents/CSA-Loop/SNN/DS/V3/10s/T7,0.0,1.0,28.0,289.9999,3.0,0.30341
4.36,/home/lizano/Documents/CSA-Loop/SNN/DS/V3/10s/T7,0.0,1.0,29.0,299.9999,3.0,0.25005
4.46667,/home/lizano/Documents/CSA-Loop/SNN/DS/V3/10s/T7,0.0,1.0,30.0,309.9999,3.0,0.31225
4.6,/home/lizano/Documents/CSA-Loop/SNN/DS/V3/10s/T7,0.0,1.0,31.0,319.9999,3.0,0.30544
4.61333,/home/lizano/Documents/CSA-Loop/SNN/DS/V3/10s/T7,0.0,1.0,34.0,349.9999,3.0,0.35623
4.88,/home/lizano/Documents/CSA-Loop/SNN/DS/V3/10s/T7,0.0,1.0,53.0,539.9999,3.0,0.6523399999999999
4.8,/home/lizano/Documents/CSA-Loop/SNN/DS/V3/10s/T7,0.0,1.0,54.0,549.9999,3.0,0.63545
4.83333,/home/lizano/Documents/CSA-Loop/SNN/DS/V3/10s/T7,0.0,1.0,55.0,559.9999,3.0,0.6277
4.8,/home/lizano/Documents/CSA-Loop/SNN/DS/V3/10s/T7,0.0,1.0,56.0,569.9999,3.0,0.65593
4.8,/home/lizano/Documents/CSA-Loop/SNN/DS/V3/10s/T7,0.0,1.0,62.0,629.9999,3.0,0.61046
4.96,/home/lizano/Documents/CSA-Loop/SNN/DS/V3/10s/T7,0.0,1.0,64.0,649.9999,3.0,0.67574
4.79333,/home/lizano/Documents/CSA-Loop/SNN/DS/V3/10s/T7,0.0,1.0,68.0,689.9999,3.0,0.68567
4.86667,/home/lizano/Documents/CSA-Loop/SNN/DS/V3/10s/T7,0.0,1.0,69.0,699.9999,3.0,0.6994100000000001
4.87333,/home/lizano/Documents/CSA-Loop/SNN/DS/V3/10s/T7,0.0,1.0,70.0,709.9999,3.0,0.6989
4.8933300000000015,/home/lizano/Documents/CSA-Loop/SNN/DS/V3/10s/T7,0.0,1.0,71.0,719.9999,3.0,0.7043699999999999
4.87333,/home/lizano/Documents/CSA-Loop/SNN/DS/V3/10s/T7,0.0,1.0,72.0,729.9999,3.0,0.73416
4.7,/home/lizano/Documents/CSA-Loop/SNN/DS/V3/10s/T7,0.0,1.0,75.0,759.9999,3.0,0.6512899999999999
4.90667,/home/lizano/Documents/CSA-Loop/SNN/DS/V3/10s/T7,0.0,1.0,79.0,799.9999,3.0,0.70277
4.82,/home/lizano/Documents/CSA-Loop/SNN/DS/V3/10s/T7,0.0,1.0,81.0,819.9999,3.0,0.66959
4.88,/home/lizano/Documents/CSA-Loop/SNN/DS/V3/10s/T7,0.0,1.0,82.0,829.9999,3.0,0.6792100000000001
4.90667,/home/lizano/Documents/CSA-Loop/SNN/DS/V3/10s/T7,0.0,1.0,88.0,889.9999,3.0,0.7430100000000001
4.92,/home/lizano/Documents/CSA-Loop/SNN/DS/V3/10s/T7,0.0,1.0,89.0,899.9999,3.0,0.69889
4.86,/home/lizano/Documents/CSA-Loop/SNN/DS/V3/10s/T7,0.0,1.0,92.0,929.9999,3.0,0.74551
4.96667,/home/lizano/Documents/CSA-Loop/SNN/DS/V3/10s/T7,0.0,1.0,94.0,949.9999,3.0,0.70905
4.9333300000000015,/home/lizano/Documents/CSA-Loop/SNN/DS/V3/10s/T7,0.0,1.0,96.0,969.9999,3.0,0.71796
5.1066699999999985,/home/lizano/Documents/CSA-Loop/SNN/DS/V3/10s/T7,0.0,1.0,97.0,979.9999,3.0,0.7733300000000001
4.71333,/home/lizano/Documents/CSA-Loop/SNN/DS/V3/10s/T7,0.0,1.0,99.0,999.9999,3.0,0.65275
4.026669999999998,/home/lizano/Documents/CSA-Loop/SNN/DS/V3/10s/T3,0.0,1.0,16.0,169.9999,3.0,0.34647
4.06,/home/lizano/Documents/CSA-Loop/SNN/DS/V3/10s/T3,0.0,1.0,17.0,179.9999,3.0,0.38788
3.99333,/home/lizano/Documents/CSA-Loop/SNN/DS/V3/10s/T3,1.0,0.0,20.0,209.9999,3.0,0.34619
4.75333,/home/lizano/Documents/CSA-Loop/SNN/DS/V3/10s/T3,0.0,1.0,44.0,449.9999,3.0,0.63294
4.75333,/home/lizano/Documents/CSA-Loop/SNN/DS/V3/10s/T3,0.0,1.0,81.0,819.9999,3.0,0.68847
4.78,/home/lizano/Documents/CSA-Loop/SNN/DS/V3/10s/T3,0.0,1.0,82.0,829.9999,3.0,0.69867
4.69333,/home/lizano/Documents/CSA-Loop/SNN/DS/V3/10s/T3,0.0,1.0,84.0,849.9999,3.0,0.69716
3.68,/home/lizano/Documents/CSA-Loop/SNN/DS/V3/10s/T1,1.0,0.0,19.0,199.9999,3.0,0.17162
3.82,/home/lizano/Documents/CSA-Loop/SNN/DS/V3/10s/T1,1.0,0.0,20.0,209.9999,3.0,0.20468
3.84667,/home/lizano/Documents/CSA-Loop/SNN/DS/V3/10s/T1,1.0,0.0,21.0,219.9999,3.0,0.12136
3.77333,/home/lizano/Documents/CSA-Loop/SNN/DS/V3/10s/T1,1.0,0.0,22.0,229.9999,3.0,0.13382
3.77333,/home/lizano/Documents/CSA-Loop/SNN/DS/V3/10s/T1,1.0,0.0,23.0,239.9999,3.0,0.02515
3.92667,/home/lizano/Documents/CSA-Loop/SNN/DS/V3/10s/T1,1.0,0.0,24.0,249.9999,3.0,0.11712
3.98667,/home/lizano/Documents/CSA-Loop/SNN/DS/V3/10s/T1,1.0,0.0,26.0,269.9999,3.0,0.08755
4.15333,/home/lizano/Documents/CSA-Loop/SNN/DS/V3/10s/T1,0.0,1.0,31.0,319.9999,3.0,0.22888000000000006
4.05333,/home/lizano/Documents/CSA-Loop/SNN/DS/V3/10s/T1,0.0,1.0,32.0,329.9999,3.0,0.24225
4.36,/home/lizano/Documents/CSA-Loop/SNN/DS/V3/10s/T1,0.0,1.0,57.0,579.9999,3.0,0.4699
4.44,/home/lizano/Documents/CSA-Loop/SNN/DS/V3/10s/T1,0.0,1.0,59.0,599.9999,3.0,0.43594
4.44,/home/lizano/Documents/CSA-Loop/SNN/DS/V3/10s/T1,0.0,1.0,61.0,619.9999,3.0,0.43438
4.38,/home/lizano/Documents/CSA-Loop/SNN/DS/V3/10s/T1,0.0,1.0,62.0,629.9999,3.0,0.41135
4.46667,/home/lizano/Documents/CSA-Loop/SNN/DS/V3/10s/T1,0.0,1.0,70.0,709.9999,3.0,0.43493
4.40667,/home/lizano/Documents/CSA-Loop/SNN/DS/V3/10s/T1,0.0,1.0,72.0,729.9999,3.0,0.48712
4.52,/home/lizano/Documents/CSA-Loop/SNN/DS/V3/10s/T1,0.0,1.0,80.0,809.9999,3.0,0.59339
4.54667,/home/lizano/Documents/CSA-Loop/SNN/DS/V3/10s/T1,0.0,1.0,81.0,819.9999,3.0,0.60069
4.6,/home/lizano/Documents/CSA-Loop/SNN/DS/V3/10s/T1,0.0,1.0,82.0,829.9999,3.0,0.62683
4.61333,/home/lizano/Documents/CSA-Loop/SNN/DS/V3/10s/T1,0.0,1.0,83.0,839.9999,3.0,0.66243
4.59333,/home/lizano/Documents/CSA-Loop/SNN/DS/V3/10s/T1,0.0,1.0,84.0,849.9999,3.0,0.6547
4.7733300000000005,/home/lizano/Documents/CSA-Loop/SNN/DS/V3/10s/T1,0.0,1.0,86.0,869.9999,3.0,0.70048
4.82,/home/lizano/Documents/CSA-Loop/SNN/DS/V3/10s/T1,0.0,1.0,95.0,959.9999,3.0,0.66891
4.72,/home/lizano/Documents/CSA-Loop/SNN/DS/V3/10s/T1,0.0,1.0,96.0,969.9999,3.0,0.64846
4.84667,/home/lizano/Documents/CSA-Loop/SNN/DS/V3/10s/T1,0.0,1.0,97.0,979.9999,3.0,0.70613
3.98667,/home/lizano/Documents/CSA-Loop/SNN/DS/V3/10s/T2,1.0,0.0,16.0,169.9999,3.0,0.34368000000000004
4.13333,/home/lizano/Documents/CSA-Loop/SNN/DS/V3/10s/T2,0.0,1.0,19.0,199.9999,3.0,0.36439
4.07333,/home/lizano/Documents/CSA-Loop/SNN/DS/V3/10s/T2,0.0,1.0,21.0,219.9999,3.0,0.40559
4.18667,/home/lizano/Documents/CSA-Loop/SNN/DS/V3/10s/T2,0.0,1.0,22.0,229.9999,3.0,0.4005
4.28,/home/lizano/Documents/CSA-Loop/SNN/DS/V3/10s/T2,0.0,1.0,23.0,239.9999,3.0,0.42845
4.16,/home/lizano/Documents/CSA-Loop/SNN/DS/V3/10s/T2,0.0,1.0,24.0,249.9999,3.0,0.35731
4.55333,/home/lizano/Documents/CSA-Loop/SNN/DS/V3/10s/T2,0.0,1.0,57.0,579.9999,3.0,0.5930300000000001
4.69333,/home/lizano/Documents/CSA-Loop/SNN/DS/V3/10s/T2,0.0,1.0,66.0,669.9999,3.0,0.6332899999999999
4.69333,/home/lizano/Documents/CSA-Loop/SNN/DS/V3/10s/T2,0.0,1.0,67.0,679.9999,3.0,0.63536
4.61333,/home/lizano/Documents/CSA-Loop/SNN/DS/V3/10s/T2,0.0,1.0,68.0,689.9999,3.0,0.60444
4.7,/home/lizano/Documents/CSA-Loop/SNN/DS/V3/10s/T2,0.0,1.0,69.0,699.9999,3.0,0.6037100000000001
4.74667,/home/lizano/Documents/CSA-Loop/SNN/DS/V3/10s/T2,0.0,1.0,70.0,709.9999,3.0,0.6396
4.74,/home/lizano/Documents/CSA-Loop/SNN/DS/V3/10s/T2,0.0,1.0,81.0,819.9999,3.0,0.66142
4.6466699999999985,/home/lizano/Documents/CSA-Loop/SNN/DS/V3/10s/T2,0.0,1.0,83.0,839.9999,3.0,0.68301
4.05333,/home/lizano/Documents/CSA-Loop/SNN/DS/V3/10s/T8,0.0,1.0,11.0,119.9999,3.0,0.15883
4.09333,/home/lizano/Documents/CSA-Loop/SNN/DS/V3/10s/T8,0.0,1.0,12.0,129.9999,3.0,0.16455999999999998
4.05333,/home/lizano/Documents/CSA-Loop/SNN/DS/V3/10s/T8,0.0,1.0,13.0,139.9999,3.0,0.14060999999999998
4.16667,/home/lizano/Documents/CSA-Loop/SNN/DS/V3/10s/T8,0.0,1.0,16.0,169.9999,3.0,0.16033
4.34667,/home/lizano/Documents/CSA-Loop/SNN/DS/V3/10s/T8,0.0,1.0,17.0,179.9999,3.0,0.10233
4.22,/home/lizano/Documents/CSA-Loop/SNN/DS/V3/10s/T8,0.0,1.0,18.0,189.9999,3.0,0.12286
4.4333300000000015,/home/lizano/Documents/CSA-Loop/SNN/DS/V3/10s/T8,0.0,1.0,22.0,229.9999,3.0,0.26148000000000005
4.526669999999998,/home/lizano/Documents/CSA-Loop/SNN/DS/V3/10s/T8,0.0,1.0,26.0,269.9999,3.0,0.19573
4.53333,/home/lizano/Documents/CSA-Loop/SNN/DS/V3/10s/T8,0.0,1.0,28.0,289.9999,3.0,0.24501
4.53333,/home/lizano/Documents/CSA-Loop/SNN/DS/V3/10s/T8,0.0,1.0,29.0,299.9999,3.0,0.22188
4.58,/home/lizano/Documents/CSA-Loop/SNN/DS/V3/10s/T8,0.0,1.0,30.0,309.9999,3.0,0.20151
4.41333,/home/lizano/Documents/CSA-Loop/SNN/DS/V3/10s/T8,0.0,1.0,31.0,319.9999,3.0,0.1805
4.6,/home/lizano/Documents/CSA-Loop/SNN/DS/V3/10s/T8,0.0,1.0,44.0,449.9999,3.0,0.34109
4.5,/home/lizano/Documents/CSA-Loop/SNN/DS/V3/10s/T8,0.0,1.0,45.0,459.9999,3.0,0.36881
4.61333,/home/lizano/Documents/CSA-Loop/SNN/DS/V3/10s/T8,0.0,1.0,46.0,469.9999,3.0,0.45249
4.53333,/home/lizano/Documents/CSA-Loop/SNN/DS/V3/10s/T8,0.0,1.0,47.0,479.9999,3.0,0.36239
4.5666699999999985,/home/lizano/Documents/CSA-Loop/SNN/DS/V3/10s/T8,0.0,1.0,48.0,489.9999,3.0,0.42662
4.44,/home/lizano/Documents/CSA-Loop/SNN/DS/V3/10s/T8,0.0,1.0,51.0,519.9999,3.0,0.4126
4.50667,/home/lizano/Documents/CSA-Loop/SNN/DS/V3/10s/T8,0.0,1.0,52.0,529.9999,3.0,0.45341
4.63333,/home/lizano/Documents/CSA-Loop/SNN/DS/V3/10s/T8,0.0,1.0,58.0,589.9999,3.0,0.5246
4.87333,/home/lizano/Documents/CSA-Loop/SNN/DS/V3/10s/T8,0.0,1.0,64.0,649.9999,3.0,0.67137
4.96,/home/lizano/Documents/CSA-Loop/SNN/DS/V3/10s/T8,0.0,1.0,79.0,799.9999,3.0,0.72895
3.90667,/home/lizano/Documents/CSA-Loop/SNN/DS/V3/10s/T5,1.0,0.0,12.0,129.9999,3.0,0.26147
3.97333,/home/lizano/Documents/CSA-Loop/SNN/DS/V3/10s/T5,1.0,0.0,15.0,159.9999,3.0,0.24379
4.03333,/home/lizano/Documents/CSA-Loop/SNN/DS/V3/10s/T5,0.0,1.0,18.0,189.9999,3.0,0.23425
3.96,/home/lizano/Documents/CSA-Loop/SNN/DS/V3/10s/T5,1.0,0.0,19.0,199.9999,3.0,0.20604
4.08667,/home/lizano/Documents/CSA-Loop/SNN/DS/V3/10s/T5,0.0,1.0,20.0,209.9999,3.0,0.22033000000000005
4.2333300000000005,/home/lizano/Documents/CSA-Loop/SNN/DS/V3/10s/T5,0.0,1.0,21.0,219.9999,3.0,0.19406
4.2,/home/lizano/Documents/CSA-Loop/SNN/DS/V3/10s/T5,0.0,1.0,22.0,229.9999,3.0,0.25286
4.25333,/home/lizano/Documents/CSA-Loop/SNN/DS/V3/10s/T5,0.0,1.0,25.0,259.9999,3.0,0.26953
4.2733300000000005,/home/lizano/Documents/CSA-Loop/SNN/DS/V3/10s/T5,0.0,1.0,26.0,269.9999,3.0,0.3002
4.33333,/home/lizano/Documents/CSA-Loop/SNN/DS/V3/10s/T5,0.0,1.0,27.0,279.9999,3.0,0.30556
4.34667,/home/lizano/Documents/CSA-Loop/SNN/DS/V3/10s/T5,0.0,1.0,30.0,309.9999,3.0,0.33213000000000004
4.29333,/home/lizano/Documents/CSA-Loop/SNN/DS/V3/10s/T5,0.0,1.0,31.0,319.9999,3.0,0.34033
4.46667,/home/lizano/Documents/CSA-Loop/SNN/DS/V3/10s/T5,0.0,1.0,32.0,329.9999,3.0,0.28889000000000004
4.38,/home/lizano/Documents/CSA-Loop/SNN/DS/V3/10s/T5,0.0,1.0,49.0,499.9999,3.0,0.50049
4.3533300000000015,/home/lizano/Documents/CSA-Loop/SNN/DS/V3/10s/T5,0.0,1.0,57.0,579.9999,3.0,0.52698
4.473330000000002,/home/lizano/Documents/CSA-Loop/SNN/DS/V3/10s/T5,0.0,1.0,68.0,689.9999,3.0,0.57568
4.62,/home/lizano/Documents/CSA-Loop/SNN/DS/V3/10s/T5,0.0,1.0,79.0,799.9999,3.0,0.58865
4.50667,/home/lizano/Documents/CSA-Loop/SNN/DS/V3/10s/T5,0.0,1.0,80.0,809.9999,3.0,0.5644399999999999
4.49333,/home/lizano/Documents/CSA-Loop/SNN/DS/V3/10s/T5,0.0,1.0,81.0,819.9999,3.0,0.5414399999999999
4.61333,/home/lizano/Documents/CSA-Loop/SNN/DS/V3/10s/T5,0.0,1.0,82.0,829.9999,3.0,0.57724
4.66667,/home/lizano/Documents/CSA-Loop/SNN/DS/V3/10s/T5,0.0,1.0,83.0,839.9999,3.0,0.6233
4.65333,/home/lizano/Documents/CSA-Loop/SNN/DS/V3/10s/T5,0.0,1.0,84.0,849.9999,3.0,0.6532100000000001
